-- phpMyAdmin SQL Dump
-- version 5.1.1
-- https://www.phpmyadmin.net/
--
-- Máy chủ: 127.0.0.1
-- Thời gian đã tạo: Th10 22, 2021 lúc 06:57 AM
-- Phiên bản máy phục vụ: 10.4.21-MariaDB
-- Phiên bản PHP: 8.0.10

SET SQL_MODE = "NO_AUTO_VALUE_ON_ZERO";
START TRANSACTION;
SET time_zone = "+00:00";


/*!40101 SET @OLD_CHARACTER_SET_CLIENT=@@CHARACTER_SET_CLIENT */;
/*!40101 SET @OLD_CHARACTER_SET_RESULTS=@@CHARACTER_SET_RESULTS */;
/*!40101 SET @OLD_COLLATION_CONNECTION=@@COLLATION_CONNECTION */;
/*!40101 SET NAMES utf8mb4 */;

--
-- Cơ sở dữ liệu: `web_assignment`
--
CREATE DATABASE IF NOT EXISTS `web_assignment` DEFAULT CHARACTER SET utf8mb4 COLLATE utf8mb4_unicode_ci;
USE `web_assignment`;

-- --------------------------------------------------------

--
-- Cấu trúc bảng cho bảng `category`
--

CREATE TABLE `category` (
  `id` int(11) NOT NULL,
  `name` varchar(255) COLLATE utf8mb4_unicode_ci DEFAULT NULL
) ENGINE=InnoDB DEFAULT CHARSET=utf8mb4 COLLATE=utf8mb4_unicode_ci;

--
-- Đang đổ dữ liệu cho bảng `category`
--

INSERT INTO `category` (`id`, `name`) VALUES
(18, 'Apple'),
(19, 'Samsung'),
(20, 'Xiaomi'),
(21, 'Oppo'),
(22, 'Vivo'),
(23, 'Vsmart'),
(24, 'Sony'),
(25, 'Nokia'),
(26, 'Huawei'),
(27, 'Lenovo');

-- --------------------------------------------------------

--
-- Cấu trúc bảng cho bảng `comment`
--

CREATE TABLE `comment` (
  `id` int(11) NOT NULL,
  `user_id` int(11) DEFAULT NULL,
  `product_id` int(11) DEFAULT NULL,
  `content` varchar(255) COLLATE utf8mb4_unicode_ci DEFAULT NULL,
  `created_at` datetime DEFAULT NULL,
  `updated_at` datetime DEFAULT NULL
) ENGINE=InnoDB DEFAULT CHARSET=utf8mb4 COLLATE=utf8mb4_unicode_ci;

--
-- Đang đổ dữ liệu cho bảng `comment`
--

INSERT INTO `comment` (`id`, `user_id`, `product_id`, `content`, `created_at`, `updated_at`) VALUES
(48, 1, 15, 'Rất chất lượng12', '2021-11-16 17:47:49', '2021-11-16 20:19:03'),
(49, 1, 15, 'Rất chất lượng2', '2021-11-16 17:47:49', '2021-11-16 20:45:05'),
(62, 1, 15, 'tooi chio tex thoi yhahaha', '2021-11-16 19:23:31', '2021-11-16 19:23:31'),
(64, 8, 16, 'ngon múp rụp nước', '2021-11-16 20:51:19', '2021-11-16 20:51:19'),
(65, 8, 16, 'toẹt vời', '2021-11-16 20:58:19', '2021-11-16 20:58:19'),
(66, 8, 17, 'rất ngon, cơ mà không đủ tiền', '2021-11-16 20:11:20', '2021-11-16 20:11:20'),
(67, 21, 15, 'thôi thôi xàm xí quá mấy bạn', '2021-11-17 14:20:33', '2021-11-17 14:20:33'),
(69, 21, 15, 'ngán mấy đồng chí quá', '2021-11-17 14:20:38', '2021-11-17 14:20:38'),
(71, 21, 15, 'cái này bình luận sau mà b', '2021-11-17 14:45:39', '2021-11-17 14:57:53'),
(79, 1, 15, '3464567', '2021-11-17 18:45:25', '2021-11-18 09:20:32'),
(80, 1, 15, '4', '2021-11-17 18:48:25', '2021-11-17 18:48:25'),
(81, 1, 15, '5', '2021-11-17 18:52:25', '2021-11-17 18:52:25'),
(82, 1, 15, 'gfhfghdf', '2021-11-18 09:23:32', '2021-11-18 09:23:32');

-- --------------------------------------------------------

--
-- Cấu trúc bảng cho bảng `contact_public`
--

CREATE TABLE `contact_public` (
  `id` int(11) NOT NULL,
  `type` varchar(255) COLLATE utf8mb4_unicode_ci DEFAULT NULL,
  `content` varchar(255) COLLATE utf8mb4_unicode_ci DEFAULT NULL,
  `created_at` datetime DEFAULT NULL,
  `updated_at` datetime DEFAULT NULL
) ENGINE=InnoDB DEFAULT CHARSET=utf8mb4 COLLATE=utf8mb4_unicode_ci;

--
-- Đang đổ dữ liệu cho bảng `contact_public`
--

INSERT INTO `contact_public` (`id`, `type`, `content`, `created_at`, `updated_at`) VALUES
(3, 'Email', 'TheBell@thebell.com', '2021-11-06 09:47:54', '2021-11-07 04:11:40'),
(4, 'Phone', '0123456789', '2021-11-17 17:25:00', '2021-11-17 17:25:00');

-- --------------------------------------------------------

--
-- Cấu trúc bảng cho bảng `customer_contact`
--

CREATE TABLE `customer_contact` (
  `id` int(11) NOT NULL,
  `firstname` varchar(255) COLLATE utf8mb4_unicode_ci DEFAULT NULL,
  `lastname` varchar(255) COLLATE utf8mb4_unicode_ci DEFAULT NULL,
  `email` varchar(255) COLLATE utf8mb4_unicode_ci DEFAULT NULL,
  `phone_number` varchar(255) COLLATE utf8mb4_unicode_ci DEFAULT NULL
) ENGINE=InnoDB DEFAULT CHARSET=utf8mb4 COLLATE=utf8mb4_unicode_ci;

--
-- Đang đổ dữ liệu cho bảng `customer_contact`
--

INSERT INTO `customer_contact` (`id`, `firstname`, `lastname`, `email`, `phone_number`) VALUES
(1, 'Tân', 'Đinh Như', 'nhutan2001@gmail.com', '0362751710'),
(2, 'Tân', 'Đinh Như', 'nhutan2001@gmail.com', '0362751710'),
(3, 'Tân', 'Đinh Như', 'nhutan2001@gmail.com', '0362751710'),
(4, 'Tân', 'Đinh Như', 'nhutan2001@gmail.com', '0362751710'),
(5, 'Tân', 'Đinh Như', 'nhutan2001@gmail.com', '0362751710'),
(6, 'Tân', 'Đinh Như', 'nhutan2001@gmail.com', '0362751710'),
(7, 'Tân', 'Đinh Như', 'nhutan2001@gmail.com', '0362751710'),
(8, 'Tân', 'Đinh Như', 'nhutan2001@gmail.com', '0362751710'),
(9, 'Tân', 'Đinh Như', 'nhutan2001@gmail.com', '0362751710'),
(10, 'Tân', 'Đinh Như', 'nhutan2001@gmail.com', '0362751710'),
(11, 'Tân', 'Đinh Như', 'nhutan2001@gmail.com', '0362751710'),
(12, 'Tân', 'Đinh Như', 'nhutan2001@gmail.com', '0362751710'),
(13, 'Tân', 'Đinh Như', 'nhutan2001@gmail.com', '0362751710'),
(14, 'Tân', 'Đinh Như', 'nhutan2001@gmail.com', '0362751710'),
(15, 'Tân', 'Đinh Như', 'nhutan2001@gmail.com', '0362751710'),
(17, 'Test add contact customer', 'Test add contact customer', 'abcd@gmail.com', ''),
(20, 'Tôi test', 'Tôi test', 'testadsfas@gmail.com', '0123321123'),
(21, 'gsdfgsdfg', 'gsdfgsdf', 'sdfgsd@gmail.com', '012345678');

-- --------------------------------------------------------

--
-- Cấu trúc bảng cho bảng `news`
--

CREATE TABLE `news` (
  `id` int(11) NOT NULL,
  `title` varchar(255) COLLATE utf8mb4_unicode_ci DEFAULT NULL,
  `content` longtext COLLATE utf8mb4_unicode_ci DEFAULT NULL,
  `thumbnail` varchar(255) COLLATE utf8mb4_unicode_ci DEFAULT NULL,
  `created_at` datetime DEFAULT NULL,
  `updated_at` datetime DEFAULT NULL
) ENGINE=InnoDB DEFAULT CHARSET=utf8mb4 COLLATE=utf8mb4_unicode_ci;

--
-- Đang đổ dữ liệu cho bảng `news`
--

INSERT INTO `news` (`id`, `title`, `content`, `thumbnail`, `created_at`, `updated_at`) VALUES
(1, 'LG Tonefree FP8: Tai nghe có chất âm lạ, trải nghiệm đeo tốt', '<div class=\"se-component se-image-container __se__float-left\" contenteditable=\"false\" style=\"width: 100%;\"><figure style=\"margin: auto; width: 100%;\"></figure></div><p>Là thế hệ thứ hai của dòng tai nghe không dây Tonefree, FP8 sở hữu âm thanh có chất riêng, cảm giác đeo thoải mái và hộp sạc kháng khuẩn.</p><p>Nhờ kết hợp cùng Meridian, chất âm từ những chiếc tai nghe LG Tonefree đã có thêm nhiều khác biệt. Thế hệ Tonefree dòng FP được cải thiện về cảm giác đeo và các chế độ âm thanh. Tuy nhiên, trong phân khúc giá khoảng 4 triệu đồng, mẫu tai nghe này có hiệu năng chống ồn thua kém nhiều đối thủ.</p><p>Thế mạnh của Tonefree vẫn nằm ở cách chỉnh âm độc đáo, hiếm thấy ở các dòng tai nghe phổ thông. Bên cạnh đó, model này còn sở hữu hộp sạc trang bị đèn UV-C giúp kháng khuẩn.</p><p>Ưu điểm:</p><p>Nhược điểm</p><div><ul><li>Cảm giác đeo thoải mái</li><li>Trải nghiệm âm thanh khác biệt</li><li>Hộp sạc kháng khuẩn bằng tia UV-C</li></ul><ul><li>Khả năng chống ồn chưa tốt</li><li>Không có phím điều khiển trên hộp</li></ul></div><h3>Thiết kế nhỏ gọn và thân thiện</h3><p>LG sử dụng một hộp đựng có kích thước nhỏ cho Tonefree FP8. Điều này khiến sản phẩm tăng thêm tính di động. Trên phiên bản màu đen, hãng hoàn thiện bề mặt bằng lớp phủ mịn, hạn chế được các vết bẩn.</p><div><span style=\"box-sizing: border-box; text-rendering: geometricprecision; outline: 0px; -webkit-font-smoothing: antialiased; margin: 0px; padding: 0px; border: 0px; font-size: 16px; vertical-align: baseline; background: transparent; text-size-adjust: 100%; color: rgb(0, 0, 0); line-height: 1.4;\">LG Tonefree FP8 có thiết kế nhỏ gọn, đơn giản.</span><ul><li href=\"https://zingnews.vn/lg-tonefree-fp8-tai-nghe-co-chat-am-la-trai-nghiem-deo-tot-post1275194.html?utm_source=zalo&amp;utm_medium=zalomsg&amp;utm_campaign=zingdesktop\"></li><li></li></ul></div><div class=\"se-component se-image-container __se__float- __se__float-none\" contenteditable=\"false\"><figure style=\"margin: 0px;\"><img alt=\"danh gia tone free fp8 anh 4\" src=\"https://znews-photo.zadn.vn/w1920/Uploaded/ygtmvd/2021_10_30/ToneFree_9_of_30_.jpg\" data-proportion=\"true\" data-align=\"none\" data-index=\"0\" data-file-name=\"ToneFree_9_of_30_.jpg\" data-file-size=\"0\" data-origin=\",\" data-size=\",\" data-rotate=\"\" data-rotatex=\"\" data-rotatey=\"\" data-percentage=\"auto,auto\" style=\"\"></figure></div><div><br></div><div><span style=\"box-sizing: border-box; text-rendering: geometricprecision; outline: 0px; -webkit-font-smoothing: antialiased; margin: 0px; padding: 0px; border: 0px; font-size: 16px; vertical-align: baseline; background: transparent; text-size-adjust: 100%; color: rgb(0, 0, 0); line-height: 1.4;\">LG Tonefree FP8 có thiết kế nhỏ gọn, đơn giản.</span><ul><li href=\"https://zingnews.vn/lg-tonefree-fp8-tai-nghe-co-chat-am-la-trai-nghiem-deo-tot-post1275194.html?utm_source=zalo&amp;utm_medium=zalomsg&amp;utm_campaign=zingdesktop\"></li><li></li></ul></div><div class=\"se-component se-image-container __se__float- __se__float-none\" contenteditable=\"false\"><figure style=\"margin: 0px;\"><img alt=\"danh gia tone free fp8 anh 3\" src=\"https://znews-photo.zadn.vn/w1920/Uploaded/ygtmvd/2021_10_30/ToneFree_6_of_30_.jpg\" data-proportion=\"true\" data-align=\"none\" data-index=\"1\" data-file-name=\"ToneFree_6_of_30_.jpg\" data-file-size=\"0\" data-origin=\",\" data-size=\",\" data-rotate=\"\" data-rotatex=\"\" data-rotatey=\"\" data-percentage=\"auto,auto\" style=\"\"></figure></div><div><br></div><div><span style=\"box-sizing: border-box; text-rendering: geometricprecision; outline: 0px; -webkit-font-smoothing: antialiased; margin: 0px; padding: 0px; border: 0px; font-size: 16px; vertical-align: baseline; background: transparent; text-size-adjust: 100%; color: rgb(0, 0, 0); line-height: 1.4;\">LG Tonefree FP8 có thiết kế nhỏ gọn, đơn giản.</span><ul><li href=\"https://zingnews.vn/lg-tonefree-fp8-tai-nghe-co-chat-am-la-trai-nghiem-deo-tot-post1275194.html?utm_source=zalo&amp;utm_medium=zalomsg&amp;utm_campaign=zingdesktop\"></li><li></li></ul></div><div class=\"se-component se-image-container __se__float- __se__float-none\" contenteditable=\"false\"><figure style=\"margin: 0px;\"><img alt=\"danh gia tone free fp8 anh 2\" src=\"https://znews-photo.zadn.vn/w1920/Uploaded/ygtmvd/2021_10_30/ToneFree_4_of_30_.jpg\" data-proportion=\"true\" data-align=\"none\" data-index=\"2\" data-file-name=\"ToneFree_4_of_30_.jpg\" data-file-size=\"0\" data-origin=\",\" data-size=\",\" data-rotate=\"\" data-rotatex=\"\" data-rotatey=\"\" data-percentage=\"auto,auto\" style=\"\"></figure></div><div><br></div><div class=\"se-component se-video-container __se__float-\" contenteditable=\"false\" style=\"width: 100%;\"><figure style=\"width: 100%; height: 56.25%; padding-bottom: 56.25%; margin: 0px;\"><iframe src=\"https://sp.zalo.me/plugins/share?dev=null&amp;color=null&amp;oaid=4564080408575020426&amp;href=https%3A%2F%2Fzingnews.vn%2Flg-tonefree-fp8-tai-nghe-co-chat-am-la-trai-nghiem-deo-tot-post1275194.html%3Futm_source%3Dzalo%26utm_medium%3Dzalomsg%26utm_campaign%3Dzingdesktop&amp;layout=icon-text&amp;customize=true&amp;callback=null&amp;id=5786531c-3c63-4e73-8cde-ae5ed4ae9cde&amp;domain=zingnews.vn&amp;android=false&amp;ios=false\" frameborder=\"0\" allowfullscreen=\"\" data-percentage=\"100%,56.25%\" data-size=\"100%,56.25%\" data-align=\"\" data-index=\"0\" data-file-name=\"share?dev=null&amp;color=null&amp;oaid=4564080408575020426&amp;href=https%3A%2F%2Fzingnews.vn%2Flg-tonefree-fp8-tai-nghe-co-chat-am-la-trai-nghiem-deo-tot-post1275194.html%3Futm_source%3Dzalo%26utm_medium%3Dzalomsg%26utm_campaign%3Dzingdesktop&amp;layout=icon-text&amp;customize=true&amp;callback=null&amp;id=5786531c-3c63-4e73-8cde-ae5ed4ae9cde&amp;domain=zingnews.vn&amp;android=false&amp;ios=false\" data-file-size=\"0\" data-origin=\"100%,56.25%\" style=\"width: 100%; height: 100%;\"></iframe></figure></div><div><span style=\"box-sizing: border-box; text-rendering: geometricprecision; outline: 0px; -webkit-font-smoothing: antialiased; margin: 0px; padding: 0px; border: 0px; font-size: 16px; vertical-align: baseline; background: transparent; text-size-adjust: 100%; color: rgb(0, 0, 0); line-height: 1.4;\">LG Tonefree FP8 có thiết kế nhỏ gọn, đơn giản.</span><ul></ul></div><div class=\"se-component se-image-container __se__float- __se__float-none\" contenteditable=\"false\"><figure style=\"margin: 0px;\"><img alt=\"danh gia tone free fp8 anh 1\" src=\"https://znews-photo.zadn.vn/w1920/Uploaded/ygtmvd/2021_10_30/ToneFree_2_of_30_.jpg\" data-proportion=\"true\" data-align=\"none\" data-index=\"3\" data-file-name=\"ToneFree_2_of_30_.jpg\" data-file-size=\"0\" data-origin=\",\" data-size=\",\" data-rotate=\"\" data-rotatex=\"\" data-rotatey=\"\" data-percentage=\"auto,auto\" style=\"\"></figure></div><div><br></div><div><table><tbody><tr><td><div class=\"se-component se-image-container __se__float- __se__float-none\" contenteditable=\"false\"><figure style=\"margin: 0px;\"><img alt=\"danh gia tone free fp8 anh 1\" src=\"https://znews-photo.zadn.vn/w1200/Uploaded/ygtmvd/2021_10_30/ToneFree_2_of_30_.jpg\" data-proportion=\"true\" data-align=\"none\" data-index=\"4\" data-file-name=\"ToneFree_2_of_30_.jpg\" data-file-size=\"0\" data-origin=\",\" data-size=\",\" data-rotate=\"\" data-rotatex=\"\" data-rotatey=\"\" data-percentage=\"auto,auto\" style=\"\"></figure></div><div> ảnh 1\" title=\"đánh giá tone free fp8<br> ảnh 1\" style=\"box-sizing: border-box; text-rendering: geometricprecision; outline: 0px; -webkit-font-smoothing: antialiased; margin: 0px; padding: 0px; border: 0px; font-size: 14.08px; vertical-align: baseline; background: rgb(241, 241, 241); text-size-adjust: 100%; width: 509px; height: 362px; max-width: 100%; display: block;\"&gt;</div><div class=\"se-component se-image-container __se__float- __se__float-none\" contenteditable=\"false\"><figure style=\"margin: 0px;\"><img alt=\"danh gia tone free fp8 anh 2\" src=\"https://znews-photo.zadn.vn/w1200/Uploaded/ygtmvd/2021_10_30/ToneFree_4_of_30_.jpg\" data-proportion=\"true\" data-align=\"none\" data-index=\"5\" data-file-name=\"ToneFree_4_of_30_.jpg\" data-file-size=\"0\" data-origin=\",\" data-size=\",\" data-rotate=\"\" data-rotatex=\"\" data-rotatey=\"\" data-percentage=\"auto,auto\" style=\"\"></figure></div><div> ảnh 2\" title=\"đánh giá tone free fp8<br> ảnh 2\" style=\"box-sizing: border-box; text-rendering: geometricprecision; outline: 0px; -webkit-font-smoothing: antialiased; margin: 0px; padding: 0px; border: 0px; font-size: 14.08px; vertical-align: baseline; background: rgb(241, 241, 241); text-size-adjust: 100%; width: 586px; height: 362px; max-width: 100%; display: block;\"&gt;</div></td></tr><tr><td><div class=\"se-component se-image-container __se__float- __se__float-none\" contenteditable=\"false\"><figure style=\"margin: 0px;\"><img alt=\"danh gia tone free fp8 anh 3\" src=\"https://znews-photo.zadn.vn/w1200/Uploaded/ygtmvd/2021_10_30/ToneFree_6_of_30_.jpg\" data-proportion=\"true\" data-align=\"none\" data-index=\"6\" data-file-name=\"ToneFree_6_of_30_.jpg\" data-file-size=\"0\" data-origin=\",\" data-size=\",\" data-rotate=\"\" data-rotatex=\"\" data-rotatey=\"\" data-percentage=\"auto,auto\" style=\"\"></figure></div><div> ảnh 3\" title=\"đánh giá tone free fp8<br> ảnh 3\" style=\"box-sizing: border-box; text-rendering: geometricprecision; outline: 0px; -webkit-font-smoothing: antialiased; margin: 0px; padding: 0px; border: 0px; font-size: 14.08px; vertical-align: baseline; background: rgb(241, 241, 241); text-size-adjust: 100%; width: 558px; height: 375px; max-width: 100%; display: block;\"&gt;</div><div class=\"se-component se-image-container __se__float- __se__float-none\" contenteditable=\"false\"><figure style=\"margin: 0px;\"><img alt=\"danh gia tone free fp8 anh 4\" src=\"https://znews-photo.zadn.vn/w1200/Uploaded/ygtmvd/2021_10_30/ToneFree_9_of_30_.jpg\" data-proportion=\"true\" data-align=\"none\" data-index=\"7\" data-file-name=\"ToneFree_9_of_30_.jpg\" data-file-size=\"0\" data-origin=\",\" data-size=\",\" data-rotate=\"\" data-rotatex=\"\" data-rotatey=\"\" data-percentage=\"auto,auto\" style=\"\"></figure></div><div> ảnh 4\" title=\"đánh giá tone free fp8<br> ảnh 4\" style=\"box-sizing: border-box; text-rendering: geometricprecision; outline: 0px; -webkit-font-smoothing: antialiased; margin: 0px; padding: 0px; border: 0px; font-size: 14.08px; vertical-align: baseline; background: rgb(241, 241, 241); text-size-adjust: 100%; width: 537px; height: 375px; max-width: 100%; display: block;\"&gt;</div></td></tr><tr><td><div>LG Tonefree FP8 có thiết kế nhỏ gọn, đơn giản.</div></td></tr></tbody></table></div><p>Trên hộp đựng, LG đã loại bỏ hoàn toàn các phím bấm, chỉ để lại duy nhất cổng USB-C. Điều này giúp thiết kế của sản phẩm thêm phần liền lạc. Tuy nhiên, khi không có phím đa chức năng, việc khởi động hay hủy kết nối thiết bị sẽ khó khăn với người dùng mới.</p><p>Hai chiếc tai nghe FP8 có phần thân ngắn, ống tai dài hơn thế hệ cũ nhưng không gây khó chịu khi đeo. Đây là một trong những mẫu tai nghe in-ear có cảm giác đeo thoải mái nhất trên thị trường. Nhà sản xuất cho biết đã nghiên cứu hình dáng nhiều đôi tai người để tạo ra thiết kế công thái học của LG Tonefree FP8.</p><p>Mẫu tai nghe mới của LG là sản phẩm phù hợp với nhu cầu luyện tập thể dục, thể thao. Ngoài trải nghiệm đeo tốt, thiết bị có hỗ trợ chuẩn kháng nước IPX4.</p><h3>Hiệu năng chống ồn chưa tốt</h3><p>LG trang bị cho Tonefree FP8 3 micro ở mỗi bên tai để phục vụ đàm thoại và chống ồn. Tuy nhiên, mức độ khử tạp âm của mẫu tai nghe này chưa tốt. So với các đối thủ trong tầm giá, thiết bị của LG cần cải thiện nhiều mặt.</p><div><span style=\"box-sizing: border-box; text-rendering: geometricprecision; outline: 0px; -webkit-font-smoothing: antialiased; margin: 0px; padding: 0px; border: 0px; font-size: 16px; vertical-align: baseline; background: transparent; text-size-adjust: 100%; color: rgb(0, 0, 0); line-height: 1.4;\">Tonefree FP8 có hiệu năng chống ồn thua kém các đối thủ khác.</span><ul><li href=\"https://zingnews.vn/lg-tonefree-fp8-tai-nghe-co-chat-am-la-trai-nghiem-deo-tot-post1275194.html?utm_source=zalo&amp;utm_medium=zalomsg&amp;utm_campaign=zingdesktop\"></li><li></li></ul></div><div class=\"se-component se-image-container __se__float- __se__float-none\" contenteditable=\"false\"><figure style=\"margin: 0px;\"><img alt=\"danh gia tone free fp8 anh 9\" src=\"https://znews-photo.zadn.vn/w1920/Uploaded/ygtmvd/2021_10_30/ToneFree_11_of_30_.jpg\" data-proportion=\"true\" data-align=\"none\" data-index=\"8\" data-file-name=\"ToneFree_11_of_30_.jpg\" data-file-size=\"0\" data-origin=\",\" data-size=\",\" data-rotate=\"\" data-rotatex=\"\" data-rotatey=\"\" data-percentage=\"auto,auto\" style=\"\"></figure></div><div><br></div><div><span style=\"box-sizing: border-box; text-rendering: geometricprecision; outline: 0px; -webkit-font-smoothing: antialiased; margin: 0px; padding: 0px; border: 0px; font-size: 16px; vertical-align: baseline; background: transparent; text-size-adjust: 100%; color: rgb(0, 0, 0); line-height: 1.4;\">Tonefree FP8 có hiệu năng chống ồn thua kém các đối thủ khác.</span><ul><li href=\"https://zingnews.vn/lg-tonefree-fp8-tai-nghe-co-chat-am-la-trai-nghiem-deo-tot-post1275194.html?utm_source=zalo&amp;utm_medium=zalomsg&amp;utm_campaign=zingdesktop\"></li><li></li></ul></div><div class=\"se-component se-image-container __se__float- __se__float-none\" contenteditable=\"false\"><figure style=\"margin: 0px;\"><img alt=\"danh gia tone free fp8 anh 8\" src=\"https://znews-photo.zadn.vn/w1920/Uploaded/ygtmvd/2021_10_30/ToneFree_12_of_30_.jpg\" data-proportion=\"true\" data-align=\"none\" data-index=\"9\" data-file-name=\"ToneFree_12_of_30_.jpg\" data-file-size=\"0\" data-origin=\",\" data-size=\",\" data-rotate=\"\" data-rotatex=\"\" data-rotatey=\"\" data-percentage=\"auto,auto\" style=\"\"></figure></div><div><br></div><div><span style=\"box-sizing: border-box; text-rendering: geometricprecision; outline: 0px; -webkit-font-smoothing: antialiased; margin: 0px; padding: 0px; border: 0px; font-size: 16px; vertical-align: baseline; background: transparent; text-size-adjust: 100%; color: rgb(0, 0, 0); line-height: 1.4;\">Tonefree FP8 có hiệu năng chống ồn thua kém các đối thủ khác.</span><ul><li href=\"https://zingnews.vn/lg-tonefree-fp8-tai-nghe-co-chat-am-la-trai-nghiem-deo-tot-post1275194.html?utm_source=zalo&amp;utm_medium=zalomsg&amp;utm_campaign=zingdesktop\"></li><li></li></ul></div><div class=\"se-component se-image-container __se__float- __se__float-none\" contenteditable=\"false\"><figure style=\"margin: 0px;\"><img alt=\"danh gia tone free fp8 anh 7\" src=\"https://znews-photo.zadn.vn/w1920/Uploaded/ygtmvd/2021_10_30/ToneFree_18_of_30_.jpg\" data-proportion=\"true\" data-align=\"none\" data-index=\"10\" data-file-name=\"ToneFree_18_of_30_.jpg\" data-file-size=\"0\" data-origin=\",\" data-size=\",\" data-rotate=\"\" data-rotatex=\"\" data-rotatey=\"\" data-percentage=\"auto,auto\" style=\"\"></figure></div><div><br></div><div><span style=\"box-sizing: border-box; text-rendering: geometricprecision; outline: 0px; -webkit-font-smoothing: antialiased; margin: 0px; padding: 0px; border: 0px; font-size: 16px; vertical-align: baseline; background: transparent; text-size-adjust: 100%; color: rgb(0, 0, 0); line-height: 1.4;\">Tonefree FP8 có hiệu năng chống ồn thua kém các đối thủ khác.</span><ul><li href=\"https://zingnews.vn/lg-tonefree-fp8-tai-nghe-co-chat-am-la-trai-nghiem-deo-tot-post1275194.html?utm_source=zalo&amp;utm_medium=zalomsg&amp;utm_campaign=zingdesktop\"></li><li></li></ul></div><div class=\"se-component se-image-container __se__float- __se__float-none\" contenteditable=\"false\"><figure style=\"margin: 0px;\"><img alt=\"danh gia tone free fp8 anh 6\" src=\"https://znews-photo.zadn.vn/w1920/Uploaded/ygtmvd/2021_10_30/ToneFree_16_of_30_.jpg\" data-proportion=\"true\" data-align=\"none\" data-index=\"11\" data-file-name=\"ToneFree_16_of_30_.jpg\" data-file-size=\"0\" data-origin=\",\" data-size=\",\" data-rotate=\"\" data-rotatex=\"\" data-rotatey=\"\" data-percentage=\"auto,auto\" style=\"\"></figure></div><div><br></div><div><span style=\"box-sizing: border-box; text-rendering: geometricprecision; outline: 0px; -webkit-font-smoothing: antialiased; margin: 0px; padding: 0px; border: 0px; font-size: 16px; vertical-align: baseline; background: transparent; text-size-adjust: 100%; color: rgb(0, 0, 0); line-height: 1.4;\">Tonefree FP8 có hiệu năng chống ồn thua kém các đối thủ khác.</span><ul><li href=\"https://zingnews.vn/lg-tonefree-fp8-tai-nghe-co-chat-am-la-trai-nghiem-deo-tot-post1275194.html?utm_source=zalo&amp;utm_medium=zalomsg&amp;utm_campaign=zingdesktop\"></li><li></li></ul></div><div class=\"se-component se-image-container __se__float- __se__float-none\" contenteditable=\"false\"><figure style=\"margin: 0px;\"><img alt=\"danh gia tone free fp8 anh 5\" src=\"https://znews-photo.zadn.vn/w1920/Uploaded/ygtmvd/2021_10_30/ToneFree_23_of_30_.jpg\" data-proportion=\"true\" data-align=\"none\" data-index=\"12\" data-file-name=\"ToneFree_23_of_30_.jpg\" data-file-size=\"0\" data-origin=\",\" data-size=\",\" data-rotate=\"\" data-rotatex=\"\" data-rotatey=\"\" data-percentage=\"auto,auto\" style=\"\"></figure></div><div><br></div><div><table><tbody><tr><td><div class=\"se-component se-image-container __se__float- __se__float-none\" contenteditable=\"false\"><figure style=\"margin: 0px;\"><img alt=\"\" data-proportion=\"true\" data-align=\"none\" data-index=\"13\" data-file-name=\"\" data-file-size=\"0\" data-origin=\",\" data-size=\",\" data-rotate=\"\" data-rotatex=\"\" data-rotatey=\"\" data-percentage=\"auto,auto\" style=\"\"></figure></div><div>ảnh 5\" alt=\"danh gia tone free fp8 anh 5\" src=\"https://znews-photo.zadn.vn/w1200/Uploaded/ygtmvd/2021_10_30/ToneFree_23_of_30_.jpg\" width=\"6240\" height=\"3543\" class=\"loaded unveil\" style=\"box-sizing: border-box; text-rendering: geometricprecision; outline: 0px; -webkit-font-smoothing: antialiased; margin: 0px; padding: 0px; border: 0px; font-size: 14.08px; vertical-align: baseline; background: rgb(241, 241, 241); text-size-adjust: 100%; width: 423px; height: 240px; max-width: 100%; display: block;\"&gt;</div><div class=\"se-component se-image-container __se__float- __se__float-none\" contenteditable=\"false\"><figure style=\"margin: 0px;\"><img alt=\"danh gia tone free fp8 anh 6\" src=\"https://znews-photo.zadn.vn/w1200/Uploaded/ygtmvd/2021_10_30/ToneFree_16_of_30_.jpg\" data-proportion=\"true\" data-align=\"none\" data-index=\"14\" data-file-name=\"ToneFree_16_of_30_.jpg\" data-file-size=\"0\" data-origin=\",\" data-size=\",\" data-rotate=\"\" data-rotatex=\"\" data-rotatey=\"\" data-percentage=\"auto,auto\" style=\"\"></figure></div><div> ảnh 6\" title=\"đánh giá tone free fp8<br> ảnh 6\" style=\"box-sizing: border-box; text-rendering: geometricprecision; outline: 0px; -webkit-font-smoothing: antialiased; margin: 0px; padding: 0px; border: 0px; font-size: 14.08px; vertical-align: baseline; background: rgb(241, 241, 241); text-size-adjust: 100%; width: 361px; height: 240px; max-width: 100%; display: block;\"&gt;</div><div class=\"se-component se-image-container __se__float- __se__float-none\" contenteditable=\"false\"><figure style=\"margin: 0px;\"><img alt=\"\" data-proportion=\"true\" data-align=\"none\" data-index=\"15\" data-file-name=\"\" data-file-size=\"0\" data-origin=\",\" data-size=\",\" data-rotate=\"\" data-rotatex=\"\" data-rotatey=\"\" data-percentage=\"auto,auto\" style=\"\"></figure></div><div>ảnh 7\" alt=\"danh gia tone free fp8 anh 7\" src=\"https://znews-photo.zadn.vn/w1200/Uploaded/ygtmvd/2021_10_30/ToneFree_18_of_30_.jpg\" width=\"3826\" height=\"3015\" class=\"loaded unveil\" original-width=\"305\" style=\"box-sizing: border-box; text-rendering: geometricprecision; outline: 0px; -webkit-font-smoothing: antialiased; margin: 0px; padding: 0px; border: 0px; font-size: 14.08px; vertical-align: baseline; background: rgb(241, 241, 241); text-size-adjust: 100%; width: 307px; height: 240px; max-width: 100%; display: block;\"&gt;</div></td></tr><tr><td><div class=\"se-component se-image-container __se__float- __se__float-none\" contenteditable=\"false\"><figure style=\"margin: 0px;\"><img alt=\"\" data-proportion=\"true\" data-align=\"none\" data-index=\"16\" data-file-name=\"\" data-file-size=\"0\" data-origin=\",\" data-size=\",\" data-rotate=\"\" data-rotatex=\"\" data-rotatey=\"\" data-percentage=\"auto,auto\" style=\"\"></figure></div><div>ảnh 8\" alt=\"danh gia tone free fp8 anh 8\" src=\"https://znews-photo.zadn.vn/w1200/Uploaded/ygtmvd/2021_10_30/ToneFree_12_of_30_.jpg\" width=\"4993\" height=\"3198\" class=\"loaded unveil\" style=\"box-sizing: border-box; text-rendering: geometricprecision; outline: 0px; -webkit-font-smoothing: antialiased; margin: 0px; padding: 0px; border: 0px; font-size: 14.08px; vertical-align: baseline; background: rgb(241, 241, 241); text-size-adjust: 100%; width: 570px; height: 365px; max-width: 100%; display: block;\"&gt;</div><div class=\"se-component se-image-container __se__float- __se__float-none\" contenteditable=\"false\"><figure style=\"margin: 0px;\"><img alt=\"danh gia tone free fp8 anh 9\" src=\"https://znews-photo.zadn.vn/w1200/Uploaded/ygtmvd/2021_10_30/ToneFree_11_of_30_.jpg\" data-proportion=\"true\" data-align=\"none\" data-index=\"17\" data-file-name=\"ToneFree_11_of_30_.jpg\" data-file-size=\"0\" data-origin=\",\" data-size=\",\" data-rotate=\"\" data-rotatex=\"\" data-rotatey=\"\" data-percentage=\"auto,auto\" style=\"\"></figure></div><div> ảnh 9\" title=\"đánh giá tone free fp8<br> ảnh 9\" style=\"box-sizing: border-box; text-rendering: geometricprecision; outline: 0px; -webkit-font-smoothing: antialiased; margin: 0px; padding: 0px; border: 0px; font-size: 14.08px; vertical-align: baseline; background: rgb(241, 241, 241); text-size-adjust: 100%; width: 525px; height: 365px; max-width: 100%; display: block;\"&gt;</div></td></tr><tr><td><p>Tonefree FP8 có hiệu năng chống ồn thua kém các đối thủ khác.</p></td></tr></tbody></table></div><p>FP8 có thể xử lý được các loại tiếng ồn ở âm tần thấp như âm thanh từ máy lạnh, máy tính, động cơ chạy liên tục. Đây là mức khử tạp âm cơ bản, hầu hết tai nghe chống ồn đều làm tốt. Tuy nhiên, với những âm thanh lớn hơn thì FP8 không thể khử sạch.</p><p>Ngoài ra, chiếc tai nghe không dây mới của LG còn gặp khó khăn với việc lọc gió. Oppo Enco X, AirPods Pro hay Sony WF-1000X M4 đều có khả năng khử tiếng gió khá tốt.</p><p>Việc LG chọn sử dụng nút silicon mềm, đàn hồi cao đem lại cảm giác đeo thoải mái nhưng không bịt kín ống tai. Do đó, khả năng chống ồn thụ động của FP8 chưa cao, để lọt nhiều tạp âm.</p><p>Đồng thời, Tonefree FP8 có tính năng âm thanh xung quanh, tập trung vào giọng nói để người dùng đàm thoại được tốt hơn. Đáng tiếc, sản phẩm chưa có tính năng tự động chuyển đổi chế độ chống ồn như Galaxy Buds Pro hay WF-1000X M4.</p><h3>Chất âm lạ trong phân khúc tai nghe in-ear</h3><p>Khi còn sản xuất điện thoại, LG là thương hiệu tập trung nhiều cho âm thanh. Trước đây, thương hiệu Hàn Quốc từng nhiều lần hợp tác với những hãng âm thanh danh tiếng như B&amp;O hay Harman Kardon. Từ 2020, LG bắt tay cùng Meridian để cân chỉnh âm thanh trên sản phẩm loa, tai nghe của hãng.</p><div><span style=\"box-sizing: border-box; text-rendering: geometricprecision; outline: 0px; -webkit-font-smoothing: antialiased; margin: 0px; padding: 0px; border: 0px; font-size: 16px; vertical-align: baseline; background: transparent; text-size-adjust: 100%; color: rgb(0, 0, 0); line-height: 1.4;\">Người dùng được tùy chỉnh chế độ nghe, EQ trong ứng dụng điều khiển tai nghe.</span><ul><li href=\"https://zingnews.vn/lg-tonefree-fp8-tai-nghe-co-chat-am-la-trai-nghiem-deo-tot-post1275194.html?utm_source=zalo&amp;utm_medium=zalomsg&amp;utm_campaign=zingdesktop\"></li><li></li></ul></div><div class=\"se-component se-image-container __se__float- __se__float-none\" contenteditable=\"false\"><figure style=\"margin: 0px;\"><img alt=\"danh gia tone free fp8 anh 13\" src=\"https://znews-photo.zadn.vn/w1920/Uploaded/ygtmvd/2021_10_30/ToneFree_25_of_30_.jpg\" data-proportion=\"true\" data-align=\"none\" data-index=\"18\" data-file-name=\"ToneFree_25_of_30_.jpg\" data-file-size=\"0\" data-origin=\",\" data-size=\",\" data-rotate=\"\" data-rotatex=\"\" data-rotatey=\"\" data-percentage=\"auto,auto\" style=\"\"></figure></div><div><br></div><div><span style=\"box-sizing: border-box; text-rendering: geometricprecision; outline: 0px; -webkit-font-smoothing: antialiased; margin: 0px; padding: 0px; border: 0px; font-size: 16px; vertical-align: baseline; background: transparent; text-size-adjust: 100%; color: rgb(0, 0, 0); line-height: 1.4;\">Người dùng được tùy chỉnh chế độ nghe, EQ trong ứng dụng điều khiển tai nghe.</span><ul><li href=\"https://zingnews.vn/lg-tonefree-fp8-tai-nghe-co-chat-am-la-trai-nghiem-deo-tot-post1275194.html?utm_source=zalo&amp;utm_medium=zalomsg&amp;utm_campaign=zingdesktop\"></li><li></li></ul></div><div class=\"se-component se-image-container __se__float- __se__float-none\" contenteditable=\"false\"><figure style=\"margin: 0px;\"><img alt=\"danh gia tone free fp8 anh 12\" src=\"https://znews-photo.zadn.vn/w1920/Uploaded/ygtmvd/2021_10_30/ToneFree_26_of_30_.jpg\" data-proportion=\"true\" data-align=\"none\" data-index=\"19\" data-file-name=\"ToneFree_26_of_30_.jpg\" data-file-size=\"0\" data-origin=\",\" data-size=\",\" data-rotate=\"\" data-rotatex=\"\" data-rotatey=\"\" data-percentage=\"auto,auto\" style=\"\"></figure></div><div><br></div><div><span style=\"box-sizing: border-box; text-rendering: geometricprecision; outline: 0px; -webkit-font-smoothing: antialiased; margin: 0px; padding: 0px; border: 0px; font-size: 16px; vertical-align: baseline; background: transparent; text-size-adjust: 100%; color: rgb(0, 0, 0); line-height: 1.4;\">Người dùng được tùy chỉnh chế độ nghe, EQ trong ứng dụng điều khiển tai nghe.</span><ul><li href=\"https://zingnews.vn/lg-tonefree-fp8-tai-nghe-co-chat-am-la-trai-nghiem-deo-tot-post1275194.html?utm_source=zalo&amp;utm_medium=zalomsg&amp;utm_campaign=zingdesktop\"></li><li></li></ul></div><div class=\"se-component se-image-container __se__float- __se__float-none\" contenteditable=\"false\"><figure style=\"margin: 0px;\"><img alt=\"danh gia tone free fp8 anh 11\" src=\"https://znews-photo.zadn.vn/w1920/Uploaded/ygtmvd/2021_10_30/ToneFree_21_of_30_.jpg\" data-proportion=\"true\" data-align=\"none\" data-index=\"20\" data-file-name=\"ToneFree_21_of_30_.jpg\" data-file-size=\"0\" data-origin=\",\" data-size=\",\" data-rotate=\"\" data-rotatex=\"\" data-rotatey=\"\" data-percentage=\"auto,auto\" style=\"\"></figure></div><div><br></div><div><span style=\"box-sizing: border-box; text-rendering: geometricprecision; outline: 0px; -webkit-font-smoothing: antialiased; margin: 0px; padding: 0px; border: 0px; font-size: 16px; vertical-align: baseline; background: transparent; text-size-adjust: 100%; color: rgb(0, 0, 0); line-height: 1.4;\">Người dùng được tùy chỉnh chế độ nghe, EQ trong ứng dụng điều khiển tai nghe.</span><ul><li href=\"https://zingnews.vn/lg-tonefree-fp8-tai-nghe-co-chat-am-la-trai-nghiem-deo-tot-post1275194.html?utm_source=zalo&amp;utm_medium=zalomsg&amp;utm_campaign=zingdesktop\"></li><li></li></ul></div><div class=\"se-component se-image-container __se__float- __se__float-none\" contenteditable=\"false\"><figure style=\"margin: 0px;\"><img alt=\"danh gia tone free fp8 anh 10\" src=\"https://znews-photo.zadn.vn/w1920/Uploaded/ygtmvd/2021_10_30/ToneFree_22_of_30_.jpg\" data-proportion=\"true\" data-align=\"none\" data-index=\"21\" data-file-name=\"ToneFree_22_of_30_.jpg\" data-file-size=\"0\" data-origin=\",\" data-size=\",\" data-rotate=\"\" data-rotatex=\"\" data-rotatey=\"\" data-percentage=\"auto,auto\" style=\"\"></figure></div><div><br></div><div><table><tbody><tr><td><div class=\"se-component se-image-container __se__float- __se__float-none\" contenteditable=\"false\"><figure style=\"margin: 0px;\"><img alt=\"\" data-proportion=\"true\" data-align=\"none\" data-index=\"22\" data-file-name=\"\" data-file-size=\"0\" data-origin=\",\" data-size=\",\" data-rotate=\"\" data-rotatex=\"\" data-rotatey=\"\" data-percentage=\"auto,auto\" style=\"\"></figure></div><div>ảnh 10\" alt=\"danh gia tone free fp8 anh 10\" src=\"https://znews-photo.zadn.vn/w1200/Uploaded/ygtmvd/2021_10_30/ToneFree_22_of_30_.jpg\" width=\"5017\" height=\"3934\" class=\"loaded unveil\" style=\"box-sizing: border-box; text-rendering: geometricprecision; outline: 0px; -webkit-font-smoothing: antialiased; margin: 0px; padding: 0px; border: 0px; font-size: 14.08px; vertical-align: baseline; background: rgb(241, 241, 241); text-size-adjust: 100%; width: 514px; height: 403px; max-width: 100%; display: block;\"&gt;</div><div class=\"se-component se-image-container __se__float- __se__float-none\" contenteditable=\"false\"><figure style=\"margin: 0px;\"><img alt=\"danh gia tone free fp8 anh 11\" src=\"https://znews-photo.zadn.vn/w1200/Uploaded/ygtmvd/2021_10_30/ToneFree_21_of_30_.jpg\" data-proportion=\"true\" data-align=\"none\" data-index=\"23\" data-file-name=\"ToneFree_21_of_30_.jpg\" data-file-size=\"0\" data-origin=\",\" data-size=\",\" data-rotate=\"\" data-rotatex=\"\" data-rotatey=\"\" data-percentage=\"auto,auto\" style=\"\"></figure></div><div> ảnh 11\" title=\"đánh giá tone free fp8<br> ảnh 11\" style=\"box-sizing: border-box; text-rendering: geometricprecision; outline: 0px; -webkit-font-smoothing: antialiased; margin: 0px; padding: 0px; border: 0px; font-size: 14.08px; vertical-align: baseline; background: rgb(241, 241, 241); text-size-adjust: 100%; width: 581px; height: 403px; max-width: 100%; display: block;\"&gt;</div></td></tr><tr><td><div class=\"se-component se-image-container __se__float- __se__float-none\" contenteditable=\"false\"><figure style=\"margin: 0px;\"><img alt=\"\" data-proportion=\"true\" data-align=\"none\" data-index=\"24\" data-file-name=\"\" data-file-size=\"0\" data-origin=\",\" data-size=\",\" data-rotate=\"\" data-rotatex=\"\" data-rotatey=\"\" data-percentage=\"auto,auto\" style=\"\"></figure></div><div>ảnh 12\" alt=\"danh gia tone free fp8 anh 12\" src=\"https://znews-photo.zadn.vn/w1200/Uploaded/ygtmvd/2021_10_30/ToneFree_26_of_30_.jpg\" width=\"5255\" height=\"3685\" class=\"loaded unveil\" style=\"box-sizing: border-box; text-rendering: geometricprecision; outline: 0px; -webkit-font-smoothing: antialiased; margin: 0px; padding: 0px; border: 0px; font-size: 14.08px; vertical-align: baseline; background: rgb(241, 241, 241); text-size-adjust: 100%; width: 540px; height: 379px; max-width: 100%; display: block;\"&gt;</div><div class=\"se-component se-image-container __se__float- __se__float-none\" contenteditable=\"false\"><figure style=\"margin: 0px;\"><img alt=\"danh gia tone free fp8 anh 13\" src=\"https://znews-photo.zadn.vn/w1200/Uploaded/ygtmvd/2021_10_30/ToneFree_25_of_30_.jpg\" data-proportion=\"true\" data-align=\"none\" data-index=\"25\" data-file-name=\"ToneFree_25_of_30_.jpg\" data-file-size=\"0\" data-origin=\",\" data-size=\",\" data-rotate=\"\" data-rotatex=\"\" data-rotatey=\"\" data-percentage=\"auto,auto\" style=\"\"></figure></div><div> ảnh 13\" title=\"đánh giá tone free fp8<br> ảnh 13\" style=\"box-sizing: border-box; text-rendering: geometricprecision; outline: 0px; -webkit-font-smoothing: antialiased; margin: 0px; padding: 0px; border: 0px; font-size: 14.08px; vertical-align: baseline; background: rgb(241, 241, 241); text-size-adjust: 100%; width: 555px; height: 379px; max-width: 100%; display: block;\"&gt;</div></td></tr><tr><td><p>Người dùng được tùy chỉnh chế độ nghe, EQ trong ứng dụng điều khiển tai nghe.</p></td></tr></tbody></table></div><p>Trải nghiệm nghe trên FP8 khác biệt với các mẫu tai nghe khác. Sản phẩm tái tạo âm thanh như đang nghe từ các dàn loa lớn. Hiệu ứng tâm thanh không quá tách bạch nhưng các dải được tái tạo đầy đủ. Trong đó, dải âm âm trầm vẫn chiếm ưu thế trên FP8.</p><p>Phần bass của tai nghe LG có lực và khá ấm, thích hợp cho các bài nhạc hiphop, EDM. So với tai nghe Sony cùng tầm giá, bass của LG không mạnh bằng nhưng lại dễ chịu hơn. Mid hay treble của FP8 cũng không quá bị lấn át.</p><p>Trong phần mềm Tonefree, LG trang bị nhiều chế độ âm thanh cùng tùy chỉnh EQ để người dùng lựa chọn. So với dòng FN của năm 2020, FB8 có âm lượng lớn hơn khoảng 20% nhờ được mở rộng kích thước driver.</p><h3>Hộp đựng kháng khuẩn là điểm khác biệt</h3><p>Giống như thế hệ trước, FP8 có hỗ trợ tính năng khử khuẩn bằng đèn UV-C. Hãng giới thiệu công nghệ này giúp diệt 99% vi khuẩn gây hại trên đầu tai nghe. Người dùng chỉ mất khoảng 5 phút cắm sạc hộp đựng để thiết bị được làm sạch.</p><div><span style=\"box-sizing: border-box; text-rendering: geometricprecision; outline: 0px; -webkit-font-smoothing: antialiased; margin: 0px; padding: 0px; border: 0px; font-size: 16px; vertical-align: baseline; background: transparent; text-size-adjust: 100%; color: rgb(0, 0, 0); line-height: 1.4;\">Tonefree FP8 được trang bị đèn UV-C trong hộp đựng để diệt khuẩn cho tai nghe.</span><ul><li href=\"https://zingnews.vn/lg-tonefree-fp8-tai-nghe-co-chat-am-la-trai-nghiem-deo-tot-post1275194.html?utm_source=zalo&amp;utm_medium=zalomsg&amp;utm_campaign=zingdesktop\"></li><li></li></ul></div><div class=\"se-component se-image-container __se__float- __se__float-none\" contenteditable=\"false\"><figure style=\"margin: 0px;\"><img src=\"https://znews-photo.zadn.vn/w1920/Uploaded/ygtmvd/2021_10_30/ToneFree_9_of_30_.jpg\" alt=\"danh gia tone free fp8 anh 14\" data-proportion=\"true\" data-align=\"none\" data-index=\"26\" data-file-name=\"ToneFree_9_of_30_.jpg\" data-file-size=\"0\" data-origin=\",\" data-size=\",\" data-rotate=\"\" data-rotatex=\"\" data-rotatey=\"\" data-percentage=\"auto,auto\" style=\"\"></figure></div><div><br></div><div><table><tbody><tr><td><div class=\"se-component se-image-container __se__float- __se__float-none\" contenteditable=\"false\"><figure style=\"margin: 0px;\"><img src=\"https://znews-photo.zadn.vn/w860/Uploaded/ygtmvd/2021_10_30/ToneFree_9_of_30_.jpg\" alt=\"danh gia tone free fp8 anh 14\" data-proportion=\"true\" data-align=\"none\" data-index=\"27\" data-file-name=\"ToneFree_9_of_30_.jpg\" data-file-size=\"0\" data-origin=\",\" data-size=\",\" data-rotate=\"\" data-rotatex=\"\" data-rotatey=\"\" data-percentage=\"auto,auto\" style=\"\"></figure></div><div> ảnh 14\" title=\"đánh giá tone free fp8<br> ảnh 14\" style=\"box-sizing: border-box; text-rendering: geometricprecision; outline: 0px; -webkit-font-smoothing: antialiased; margin: 0px; padding: 0px; border: 0px; font-size: 14.08px; vertical-align: baseline; background: rgb(241, 241, 241); text-size-adjust: 100%; width: 860px; height: auto; max-width: 100%; display: block;\"&gt;</div></td></tr><tr><td><p>Tonefree FP8 được trang bị đèn UV-C trong hộp đựng để diệt khuẩn cho tai nghe.</p></td></tr></tbody></table></div><p>Mẫu tai nghe của LG cũng hỗ trợ tính năng kết nối tự động trên các dòng điện thoại Android. Người dùng được hướng dẫn các bước sử dụng và tải phần mềm điều khiển nhanh chóng.</p><p>Tonefree FP8 có thời lượng pin khá tốt, có thể nghe khoảng 10h liên tục nếu không bật tính năng chống ồn. Tuy nhiên, vì hộp đựng có kích thước bé nên chỉ bổ sung thêm 14 tiếng sử dụng. Với tổng khoảng 24 tiếng sau khi sạc đầy, FP8 có thời gian sử dụng tương đương WF-1000X M4 hay AirPods Pro.</p><p>Đây là mẫu tai nghe không dây nhỏ gọn với chất âm tốt. Sản phẩm phù hợp với người dùng cần đeo tai nghe liên tục. Hộp đựng khử khuẩn bằng tia UV-C cũng góp phần hạn chế các bệnh về tai khi đeo tai nghe thường xuyên.</p><p>Tuy vậy, nếu tính năng chống ồn mới là điều người dùng quan tâm thì các sản phẩm của Sony, Apple, Samsung là những lựa chọn hiệu quả hơn trong cùng tầm giá.</p><p><br></p><p><br></p>', 'https://znews-photo.zadn.vn/w1200/Uploaded/ygtmvd/2021_10_30/ToneFree_4_of_30_.jpg', '2021-11-06 10:53:27', '2021-11-22 03:38:20'),
(28, 'Không thể vào xe Tesla do lỗi máy chủ', '<p>Sự cố máy chủ kéo dài nhiều giờ khiến người dùng không thể mở khóa xe Tesla từ xa.</p><p>Ngày 20/11, một số người phản ánh ứng dụng Tesla trên smartphone gặp lỗi \"500 server error\", tình trạng xảy ra khi máy chủ website không thể phản hồi yêu cầu truy cập. Theo<span>&nbsp;</span><em>CNN</em>, sự cố khiến nhiều chủ xe Tesla trên thế giới không thể mở khóa từ xa.</p><p>\"Vẫn mắc kẹt tại Seoul\", người dùng Jaehwan Cho viết trên Twitter sau khi ứng dụng Tesla kết nối với chiếc Model 3 của anh gặp trục trặc.</p><div><span style=\"box-sizing: border-box; text-rendering: geometricprecision; outline: 0px; -webkit-font-smoothing: antialiased; margin: 0px; padding: 0px; border: 0px; font-size: 16px; vertical-align: baseline; background: transparent; text-size-adjust: 100%; color: rgb(0, 0, 0); line-height: 1.4;\">Ứng dụng Tesla cho phép chủ xe mở khóa, nổ máy và điều khiển một số tính năng. Ảnh: Tesla.</span><ul></ul></div><div class=\"se-component se-image-container __se__float- __se__float-none\" contenteditable=\"false\"><figure style=\"margin: 0px;\"><img src=\"https://znews-photo.zadn.vn/w1920/Uploaded/yqdlcqrwq/2021_11_21/17421112021.jpg\" alt=\"Khong the vao xe Tesla do loi may chu anh 1\" data-proportion=\"true\" data-align=\"none\" data-index=\"1\" data-file-name=\"17421112021.jpg\" data-file-size=\"0\" data-origin=\",\" data-size=\",\" data-rotate=\"\" data-rotatex=\"\" data-rotatey=\"\" data-percentage=\"auto,auto\" style=\"\"></figure></div><div><br></div><div><table><tbody><tr><td><div class=\"se-component se-image-container __se__float- __se__float-none\" contenteditable=\"false\"><figure style=\"margin: 0px;\"><img src=\"https://znews-photo.zadn.vn/w660/Uploaded/yqdlcqrwq/2021_11_21/17421112021.jpg\" alt=\"Khong the vao xe Tesla do loi may chu anh 1\" data-proportion=\"true\" data-align=\"none\" data-index=\"2\" data-file-name=\"17421112021.jpg\" data-file-size=\"0\" data-origin=\",\" data-size=\",\" data-rotate=\"\" data-rotatex=\"\" data-rotatey=\"\" data-percentage=\"auto,auto\" style=\"\"></figure></div><div><br></div></td></tr><tr><td><p>Ứng dụng Tesla cho phép chủ xe mở khóa, nổ máy và điều khiển một số tính năng. Ảnh:<span>&nbsp;</span><em>Tesla</em>.</p></td></tr></tbody></table></div><p>Ứng dụng Tesla trên smartphone cho phép mở khóa, nổ máy, xem thông tin và điều khiển một số tính năng trong xe qua Internet hoặc Bluetooth. Mỗi xe cũng có thẻ mở khóa để dùng trong trường hợp bất khả kháng.</p><p>Theo<span>&nbsp;</span><em>Electrek</em>, những ai chưa ngắt kết nối app vẫn có thể mở khóa xe bằng Bluetooth. Tuy nhiên do dựa vào Internet và không có thẻ, sự cố máy chủ khiến nhiều người không thể mở khóa và khởi động xe.</p><div><span style=\"box-sizing: border-box; text-rendering: geometricprecision; outline: 0px; -webkit-font-smoothing: antialiased; margin: 0px; padding: 0px; border: 0px; font-size: 16px; vertical-align: baseline; background: transparent; text-size-adjust: 100%; color: rgb(0, 0, 0); line-height: 1.4;\">Lỗi máy chủ khiến nhiều chủ xe Tesla không thể mở khóa vào xe. Ảnh: Electrek.</span><ul></ul></div><div class=\"se-component se-image-container __se__float- __se__float-none\" contenteditable=\"false\"><figure style=\"margin: 0px;\"><img alt=\"Khong the vao xe Tesla do loi may chu anh 2\" src=\"https://znews-photo.zadn.vn/w1920/Uploaded/yqdlcqrwq/2021_11_21/17521112021.png\" data-proportion=\"true\" data-align=\"none\" data-index=\"3\" data-file-name=\"17521112021.png\" data-file-size=\"0\" data-origin=\",\" data-size=\",\" data-rotate=\"\" data-rotatex=\"\" data-rotatey=\"\" data-percentage=\"auto,auto\" style=\"\"></figure></div><div><br></div><div><table><tbody><tr><td><div class=\"se-component se-image-container __se__float- __se__float-none\" contenteditable=\"false\"><figure style=\"margin: 0px;\"><img alt=\"Khong the vao xe Tesla do loi may chu anh 2\" src=\"https://znews-photo.zadn.vn/w360/Uploaded/yqdlcqrwq/2021_11_21/17521112021.png\" data-proportion=\"true\" data-align=\"none\" data-index=\"4\" data-file-name=\"17521112021.png\" data-file-size=\"0\" data-origin=\",\" data-size=\",\" data-rotate=\"\" data-rotatex=\"\" data-rotatey=\"\" data-percentage=\"auto,auto\" style=\"\"></figure></div><div><br></div></td></tr><tr><td><p>Lỗi máy chủ khiến nhiều chủ xe Tesla không thể mở khóa vào xe. Ảnh:<span>&nbsp;</span><em>Electrek</em>.</p></td></tr></tbody></table></div><p>Sau khoảng 5 tiếng, ứng dụng Tesla trên smartphone hoạt động bình thường. Trên Twitter, CEO Elon Musk thông báo app đã trở lại sau thời gian gặp lỗi máy chủ.</p><p>\"(Ứng dụng) đã trở lại ngay bây giờ. Có vẻ chúng tôi đã vô tình làm tăng lưu lượng truy cập đến máy chủ\", Musk trả lời dưới đoạn tweet của Cho. Vị tỷ phú cũng xin lỗi người dùng, hứa sẽ không để sự cố tái diễn.</p><p>Trên<span>&nbsp;</span><em>DownDetector</em>, lượng báo lỗi liên quan đến máy chủ Tesla tăng vọt từ rạng sáng 20/11 (giờ Việt Nam) với khoảng 500 lượt báo cáo. Đến khoảng 9h sáng cùng ngày, chỉ còn khoảng 60 lượt báo lỗi trên website. Hiện chưa rõ bao nhiêu chủ xe Tesla bị ảnh hưởng bởi sự cố.</p><p>Zachary Kiefer, người dùng tại Indiana (Mỹ) cũng không thể vào xe Tesla trong 2 tiếng do lỗi app. Trước đó một tháng, Kiefer đã làm mất thẻ mở khóa. Sau khi gọi cho đội cứu hộ đường phố, ứng dụng Tesla hoạt động lại nên Kiefer có thể vào xe bình thường. Chia sẻ với<span>&nbsp;</span><em>CNN</em>, Kiefer cảm thấy thất vọng do bộ phận hỗ trợ của Tesla \"không quan tâm đến vấn đề\".</p><p>Sự cố xảy ra vài ngày sau khi Tesla phát hành bản cập nhật cho ứng dụng. Một số nguồn tin cho biết loạt tính năng mới cũng hoạt động không ổn định. Tuy nhiên, chưa rõ lỗi sập máy chủ có liên quan đến bản cập nhật hay không.</p><p>Đây không phải lần đầu sự cố máy chủ của Tesla ảnh hưởng đến người dùng. Tháng 9/2020, máy chủ cho khách hàng và hệ thống nội bộ của Tesla cũng gặp lỗi trong nhiều giờ.</p><div><div></div><figure src=\"https://znews-mcloud-bf-s2.zadn.vn/8nkU8mKPHV8/d0cee06d93377e692726/2bab01fffbb116ef4fa0/720/9627003ab56b5c35057a.mp4?authen=exp=1637719927~acl=/8nkU8mKPHV8/*~hmac=212ccc1f014df001713c28ed80852be2\"><figcaption><strong><a href=\"https://zingnews.vn/video-tesla-model-y-tong-vao-nha-kho-voi-toc-do-cao-tai-my-post1260542.html\" target=\"_blank\" id=\"731\">Tesla Model Y tông vào nhà kho với tốc độ cao tại Mỹ</a></strong><span>&nbsp;</span>Một chiếc Tesla Model Y đã bị hư hỏng nặng sau khi lao vào nhà kho với tốc độ cao, may mắn là không ai bị thương. Vụ tai nạn xảy ra ở Orlando, bang Florida, Mỹ.</figcaption></figure></div><p><br></p>', 'https://znews-photo.zadn.vn/w660/Uploaded/yqdlcqrwq/2021_11_21/17421112021.jpg', '2021-11-06 16:24:04', '2021-11-22 03:12:18'),
(30, 'Tổng vốn hóa thị trường tiền điện tử đã vượt 3.000 tỉ USD', '<p>Dữ liệu mới nhất từ CoinGecko cho thấy tổng vốn hóa thị trường của tất cả các tiền điện tử niêm yết hiện nay đã đạt đến đỉnh cao chóng mặt, lên mức 3.000 tỉ USD.</p><p>Theo<span>&nbsp;</span><em>Neowin</em>, điều này đạt được khi giá trị<span>&nbsp;</span><a href=\"https://thanhnien.vn/bitcoin/\" target=\"_blank\" rel=\"noopener noreferrer\">Bitcoin</a><span>&nbsp;</span>và Ethereum đạt mức kỷ lục mới lần lượt là 66.000 USD và 4.790 USD. Được biết, ba cột mốc giá trị vốn hóa thị trường tích lũy của tiền điện tử đã đạt trong năm nay, gồm 1.000 tỉ USD vào ngày 7.1, sau đó là 2.000 tỉ USD vào ngày 6.4 và giờ đây là 3.000 tỉ USD.</p><p>CoinGecko chứa thông tin về 10.418 loại tiền điện tử khác nhau. Mỗi loại<span>&nbsp;</span><a href=\"https://thanhnien.vn/trung-quoc-manh-tay-voi-giao-dich-tien-dien-tu-post1115283.html\" target=\"_blank\">tiền điện tử</a><span>&nbsp;</span>này đang đóng góp vào vốn hóa thị trường tích lũy mới với hai tiền điện tử lớn nhất là Bitcoin và Ethereum, giá trị vốn hóa thị trường lần lượt là khoảng 1.240 tỉ USD và 567 tỉ USD. Trong những ngày gần đây, các loại tiền điện tử đang phát triển khác như Solana và Polkadot đang tăng giá trị, trong khi Shiba Inu cũng đã tăng giá một chút mặc dù hiện đã giảm 16,6% trong 7 ngày qua.</p><p>Hai vấn đề đang diễn ra với Bitcoin có thể đẩy giá trị vốn hóa thị trường tiền điện tử lên cao hơn nữa trong những tuần tới. Thứ nhất, một số nhà phân tích dự đoán Bitcoin sẽ bứt phá và đạt 75.000 USD vào cuối năm nay. Lý do thứ hai mà chúng ta có thể thấy nhiều sự quan tâm hơn là vì mạng Bitcoin sẽ trải qua một softfork trong 6 ngày được đặt tên là Taproot. Được biết, softfork là thuật ngữ chỉ một sự thay đổi trong giao thức tiền điện tử theo phương thức tương thích ngược.</p><p>Tuần trước, cựu Thủ tướng Vương quốc Anh Philip Hammond nói rằng ông nhận thấy việc sử dụng công nghệ tiền điện tử trong lĩnh vực<span>&nbsp;</span><a href=\"https://thanhnien.vn/tai-chinh-kinh-doanh/\" target=\"_blank\" rel=\"noopener noreferrer\">tài chính</a><span>&nbsp;</span>lớn hiện nay là không thể tránh khỏi. Các động thái biến tiền điện tử trở thành một lựa chọn đầu tư chủ đạo cũng có thể xuất hiện ở Úc, nơi một quỹ giao dịch trao đổi giao ngay (ETF) đối với các giao dịch qua Bitcoin và Ethereum đã được cơ quan giám sát chứng khoán của đất nước chấp thuận.</p><div><table><tbody><tr><td><div class=\"se-component se-image-container __se__float- __se__float-none\" contenteditable=\"false\"><figure style=\"margin: 0px;\"><img src=\"https://image.thanhnien.vn/w2048/Uploaded/2021/xdrkxrvekx/2021_11_09/2298-6274.jpg\" alt=\"Tổng vốn hóa thị trường tiền điện tử đã vượt 3.000 tỉ USD - ảnh 1\" data-proportion=\"true\" data-align=\"none\" data-index=\"0\" data-file-name=\"2298-6274.jpg\" data-file-size=\"0\" data-origin=\",\" data-size=\",\" data-rotate=\"\" data-rotatex=\"\" data-rotatey=\"\" data-percentage=\"auto,auto\" style=\"\"></figure></div><div><br></div></td></tr><tr><td><p>Bitcoin là động lực chính cho sự tăng trưởng giá trị vốn hóa của tiền điện tử</p><div><p>REUTERS</p></div></td></tr></tbody></table></div><p><br></p>', 'https://image.thanhnien.vn/w2048/Uploaded/2021/xdrkxrvekx/2021_11_09/2298-6274.jpg', '2021-11-09 04:42:40', '2021-11-09 04:42:40');
INSERT INTO `news` (`id`, `title`, `content`, `thumbnail`, `created_at`, `updated_at`) VALUES
(31, 'Mạng di động iTel', '<p>Điểm lại những vượt trội trong các dịch vụ của Mạng di động iTel phải kể đến những gói cước giá rẻ đa dạng, phù hợp với đại đa số người dùng như: Gói ITEL79, Gói MAY, ITEL77,… Trong đó ITEL79 luôn nằm trong top những gói cước được thuê bao iTel yêu thích nhất và tin dùng bởi “Rẻ mà MAX Sướng”. Chỉ 79.000 đồng để có 3G/ngày - 90G/tháng đáp ứng mọi nhu cầu sử dụng data tốc độ cao với chi phí rẻ dù học/ làm việc online, chơi game, xem phim, nghe nhạc,...</p><table><tbody><tr><td><div class=\"se-component se-image-container __se__float- __se__float-none\" contenteditable=\"false\"><figure style=\"margin: 0px;\"><img src=\"https://image.thanhnien.vn/w2048/Uploaded/2021/puqgfdmzs-co/2021_11_08/itel79-1-8788.jpeg\" alt=\"Mạng di động iTel mang tới cho người dùng trải nghiệm ‘Rẻ mà MAX Sướng’ - ảnh 1\" data-proportion=\"true\" data-align=\"none\" data-index=\"0\" data-file-name=\"itel79-1-8788.jpeg\" data-file-size=\"0\" data-origin=\",\" data-size=\",\" data-rotate=\"\" data-rotatex=\"\" data-rotatey=\"\" data-percentage=\"auto,auto\" style=\"\"></figure></div><div><br></div></td></tr><tr><td><p>ITEL79 được người dùng đặc biệt yêu thích bởi dung lượng khủng, giá cực rẻ, đem lại trải nghiệm Rẻ mà MAX Sướng</p></td></tr></tbody></table><p>ITEL79 - Gói cước di động cung cấp lưu lượng data khủng - giá rẻ là sản phẩm ghi dấu cho sự hợp tác giữa Mạng di động iTel và chuỗi cửa hàng FPT Shop trên toàn quốc. Theo đó, FPT Shop trở thành đơn vị độc quyền phân phối sản phẩm ITEL79 bên cạnh nhiều gói cước, dịch vụ viễn thông khác của Mạng di động iTel.</p><h2><a href=\"https://itel.vn/club?utm_source=iTel+-+PR&amp;utm_medium=iTel+Club+gioi+thieu&amp;utm_campaign=ITEL+CLUB+2021\" target=\"_blank\" rel=\"nofollow noopener noreferrer\">iTel Club</a><span>&nbsp;</span>chính là chương trình ưu đãi lớn nhất của iTel nhằm gia tăng trải nghiệm Rẻ mà MAX Sướng cho khách hàng</h2><p>Chương trình khách hàng thân thiết của iTel gần đây đã được ra mắt với thông điệp: “iTel Club - Đầy ắp ưu đãi” như một lời khẳng định về những nỗ lực của iTel nhằm tối đa hóa lợi ích dành cho thuê bao của nhà mạng. Thông qua chương trình này, khách hàng sẽ có cơ hội tích lũy thật nhiều điểm thưởng và đổi lấy ngàn phần quà có giá trị.</p><table><tbody><tr><td><div class=\"se-component se-image-container __se__float- __se__float-none\" contenteditable=\"false\"><figure style=\"margin: 0px;\"><img src=\"https://image.thanhnien.vn/w2048/Uploaded/2021/puqgfdmzs-co/2021_11_08/itel-club-2-5430.png\" alt=\"Mạng di động iTel mang tới cho người dùng trải nghiệm ‘Rẻ mà MAX Sướng’ - ảnh 2\" data-proportion=\"true\" data-align=\"none\" data-index=\"1\" data-file-name=\"itel-club-2-5430.png\" data-file-size=\"0\" data-origin=\",\" data-size=\",\" data-rotate=\"\" data-rotatex=\"\" data-rotatey=\"\" data-percentage=\"auto,auto\" style=\"\"></figure></div><div><br></div></td></tr><tr><td><p>iTel Club như lời cảm ơn minh chứng cho mong muốn gắn bó lâu dài của iTel đối với khách hàng</p></td></tr></tbody></table><p>Thành viên của iTel Club có thể dễ dàng tích điểm, đổi ưu đãi thuận tiện, cùng vô số những cơ hội tích điểm, nâng hạng hội viên để nhận được ưu đãi hấp dẫn. iTel Club có số lượng quà tặng khủng, xịn sò về ăn uống, giải trí, mua sắm, làm đẹp, du lịch... từ nhiều đối tác nổi tiếng, đáp ứng được nhu cầu, sở thích đa dạng của mọi khách hàng. Số lượng voucher luôn được cập nhật mới lên tới 38.000+ quà tặng, đem đến cho khách hàng trải nghiệm Rẻ mà MAX Sướng.</p><p>Để tìm hiểu thêm thông tin về iTel cũng như các sản phẩm dịch vụ di động đầu số 087, khách hàng có thể liên hệ fanpage Mạng Di Động Itel - 087(@itel.fan) cũng như<span>&nbsp;</span><a href=\"http://itel.vn/\" target=\"_blank\" rel=\"nofollow noopener noreferrer\">website</a><span>&nbsp;</span>để được tư vấn tốt nhất.</p><p><br></p>', 'https://image.thanhnien.vn/w2048/Uploaded/2021/puqgfdmzs-co/2021_11_08/itel79-1-8788.jpeg', '2021-11-09 04:50:41', '2021-11-09 04:50:41'),
(32, 'MacBook Air M1 giảm giá bán', '<p>Một trong những máy tính xách tay tốt nhất của Apple - MacBook Air M1, đang được bán với mức giá tốt nhất từ trước đến nay, từ 800 USD.</p><p>Theo<span>&nbsp;</span><em>Engadget</em>, đây là mức giá được giảm trên<span>&nbsp;</span><a href=\"https://thanhnien.vn/amazon/\" target=\"_blank\" rel=\"noopener noreferrer\">Amazon</a>, nơi người dùng có thể mua model 256 GB với giá chỉ từ 800 USD, thấp hơn 800 USD so với giá bình thường của nó, trong khi model 512 GB cũng được giảm 200 USD giá bán và xuống mức 1.050 USD. Ở thời điểm này, các tùy chọn màu bạc ở cả hai phiên bản dung lượng lưu trữ đều đã bán hết.</p><p>Được biết, trong đánh giá của<span>&nbsp;</span><em>Engadget<span>&nbsp;</span></em>dành cho MacBook Air M1, máy đạt số điểm 94 do hiệu suất làm việc ấn tượng và không có tiếng ồn của quạt. Chip M1 làm cho MacBook Air nhanh và mượt hơn so với các mẫu trước đó, giúp máy hoạt động gần như ngay lập tức khi người dùng mở lên và tốc độ xử lý tổng thể tốt hơn. Người dùng cũng nhận thấy những cải tiến về GPU, điều này sẽ giúp máy có thể xử lý các tựa<span>&nbsp;</span><a href=\"https://thanhnien.vn/game/game/\" target=\"_blank\" rel=\"noopener noreferrer\">game</a><span>&nbsp;</span>Arcade của Apple một cách dễ dàng.</p><p>Apple đã loại bỏ quạt bên trong<span>&nbsp;</span><a href=\"https://thanhnien.vn/apple-cong-bo-bo-nao-cho-dong-mac-cao-cap-post1392423.html\" target=\"_blank\">MacBook Air M1</a>, vì vậy người dùng sẽ không bị làm phiền bởi tiếng ồn ào ngay cả khi máy chạy ở hiệu suất cao. Đó là một chi tiết nhỏ nhưng giúp trải nghiệm sử dụng máy tính xách tay tốt hơn nhiều. Bên cạnh đó, MacBook Air M1 cũng có thời lượng sử dụng pin kéo dài lên đến 16 giờ. Nhược điểm của sản phẩm nằm ở việc máy chỉ có 2 cổng USB-C, trái ngược hoàn toàn với nhiều cổng hữu ích trên<span>&nbsp;</span><a href=\"https://thanhnien.vn/macbook-pro/\" target=\"_blank\" rel=\"noopener noreferrer\">MacBook Pro</a><span>&nbsp;</span>mới.</p><div><table><tbody><tr><td style=\"text-align: center;\"><div class=\"se-component se-image-container __se__float- __se__float-center\" contenteditable=\"false\"><figure style=\"margin: auto;\"><img src=\"https://image.thanhnien.vn/w2048/Uploaded/2021/xdrkxrvekx/2021_11_09/2297-9473.jpg\" alt=\"MacBook Air M1 giảm giá bán xuống mức thấp kỷ lục mới - ảnh 1\" data-proportion=\"true\" data-align=\"center\" data-file-name=\"2297-9473.jpg\" data-file-size=\"0\" data-origin=\",\" data-size=\",\" data-rotate=\"\" data-percentage=\"auto,auto\" style=\"\" data-index=\"0\" origin-size=\"768,512\" data-rotatex=\"\" data-rotatey=\"\"></figure></div><div style=\"text-align: center;\"><br></div></td></tr><tr><td style=\"text-align: center;\"><p style=\"text-align: center;\">MacBook Air M1 đang được bán với mức giá hấp dẫn trên Amazon</p><div style=\"text-align: center;\"><p style=\"text-align: center;\">CHỤP MÀN HÌNH THE VERGE</p></div></td></tr></tbody></table></div><p><br></p>', 'https://image.thanhnien.vn/w2048/Uploaded/2021/xdrkxrvekx/2021_11_09/2297-9473.jpg', '2021-11-09 04:34:43', '2021-11-09 04:47:44'),
(33, 'McAfee được mua lại với giá 14 tỉ USD', '<p>Hãng phần mềm bảo mật McAfee vừa thông báo đã được mua lại bởi một nhóm nhà đầu tư trong thỏa thuận trị giá hơn 14 tỉ USD.</p><p>Theo<span>&nbsp;</span><em>Theverge</em>, được thành lập vào năm 1987 bởi John McAfee, McAfee nổi tiếng với phần mềm diệt virus máy tính. Người sáng lập McAfee rời công ty vào năm 1994 và công ty được mua lại bởi Intel vào năm 2010 với giá 7,68 tỉ USD. Vào năm 2014, Intel thông báo họ bắt đầu loại bỏ thương hiệu McAfee cho phần mềm bảo mật và đổi tên thành “Intel Security”.</p><p>Tháng 10 năm ngoái,<span>&nbsp;</span><a href=\"https://thanhnien.vn/sau-mcafee-edward-snowden-canh-bao-nha-sang-lap-wikileaks-la-nguoi-tiep-theo-post1081994.html\" target=\"_blank\">McAfee</a><span>&nbsp;</span>trở lại thị trường chứng khoán đại chúng. McAfee cho biết trong thông báo rằng họ sẽ tiếp tục là một công ty “an ninh mạng cho<span>&nbsp;</span><a href=\"https://thanhnien.vn/tai-chinh-kinh-doanh/tieu-dung/\" target=\"_blank\" rel=\"noopener noreferrer\">người tiêu dùng</a><span>&nbsp;</span>thuần túy” sau khi bán mảng kinh doanh Enterprise cho công ty cổ phần tư nhân Symphony Technology Group với giá 4 tỉ USD vào tháng 7.</p><p>Công ty cho biết thỏa thuận vừa được công bố để bán cho một nhóm nhà đầu tư, bao gồm Advent International Corp., Permira Advisers và Crosspoint Capital Partners. Thương vụ dự kiến ​​sẽ kết thúc vào nửa đầu năm 2022.</p><p>Quay trở lại với John McAfee, người đã có một cuộc sống đầy rắc rối sau khi rời công ty. Vào năm 2012, ông trốn đến Guatemala khi nhà chức trách ở Belize tìm cách thẩm vấn ông có liên quan đến một vụ giết người hàng xóm. Vào tháng 3, ông bị buộc tội gian lận chứng khoán về một kế hoạch “bơm và bán phá giá tiền điện tử”, khi nhà chức trách cho biết ông và vệ sĩ của mình đã thuyết phục những người theo dõi Twitter của họ đầu tư vào một số đồng tiền nhất định, sau đó bán số tiền nắm giữ của họ khi giá tăng.</p><p>McAfee được phát hiện chết trong phòng giam ở Barcelona (Tây Ban Nha) vào tháng 6, không lâu sau khi Tây Ban Nha chấp thuận dẫn độ ông sang Mỹ để đối mặt với cáo buộc gian lận thuế.</p><div><table><tbody><tr><td><div class=\"se-component se-image-container __se__float- __se__float-none\" contenteditable=\"false\"><figure style=\"margin: 0px;\"><img src=\"https://image.thanhnien.vn/w2048/Uploaded/2021/xdrkxrvekx/2021_11_09/2296-7093.jpg\" alt=\"McAfee được mua lại với giá 14 tỉ USD - ảnh 1\" data-proportion=\"true\" data-align=\"none\" data-index=\"0\" data-file-name=\"2296-7093.jpg\" data-file-size=\"0\" data-origin=\",\" data-size=\",\" data-rotate=\"\" data-rotatex=\"\" data-rotatey=\"\" data-percentage=\"auto,auto\" style=\"\"></figure></div><div><br></div></td></tr><tr><td><p>McAfee đã chấp nhận bán mình với giá 14 tỉ USD</p><div><p>AFP</p></div></td></tr></tbody></table></div><p><br></p>', 'https://image.thanhnien.vn/w2048/Uploaded/2021/xdrkxrvekx/2021_11_09/2296-7093.jpg', '2021-11-09 04:38:45', '2021-11-09 04:38:45'),
(34, 'Hơn 360 triệu người dùng bị nghiện Facebook', '<p>Một cuộc khảo sát nội bộ của công ty Meta&nbsp;cho thấy cứ 8 người dùng Facebook thì lại có 1 người bị nghiện<span>&nbsp;</span><a href=\"https://thanhnien.vn/gioi-tre/the-gioi-mang/\" target=\"_blank\" rel=\"noopener noreferrer\">mạng xã hội</a><span>&nbsp;</span>này, gây ảnh hưởng nghiêm trọng đến<span>&nbsp;</span><a href=\"https://thanhnien.vn/suc-khoe/\" target=\"_blank\" rel=\"noopener noreferrer\">sức khỏe</a>, công việc và các mối quan hệ.</p><p>Theo<span>&nbsp;</span><em>Wall Street Journal</em>, các nhà nghiên cứu ước tính trong số 2,9 tỉ người dùng hiện tại, có khoảng 12,5% bị nghiện<span>&nbsp;</span><a href=\"https://thanhnien.vn/meta-len-ke-hoach-mo-cua-hang-ban-le-post1398518.html\">Facebook</a>, tương đương với hơn 360 triệu người.</p><p>Sử dụng Facebook nhiều quá mức có thể xem như biểu hiện của căn bệnh \"nghiện<span>&nbsp;</span><a href=\"https://thanhnien.vn/spacex-cham-giao-chao-ve-tinh-starlink-vi-thieu-chip-post1397220.html\">internet</a>\". Tình trạng này xuất hiện trên Facebook nhiều hơn bất kỳ<span>&nbsp;</span><a href=\"https://thanhnien.vn/facebook-tim-cach-loi-keo-nhom-doi-tuong-tu-6-9-tuoi-post1396886.html\">mạng xã hội</a><span>&nbsp;</span>nào khác, dù tất cả đều có những thủ thuật riêng để giữ chân người dùng.</p><p>Nghiên cứu về tác hại của mạng xã hội đối với đời sống con người đã được một nhóm nhân viên trong Facebook tiến hành cách nay vài năm. Sau khi bị giải tán vào năm 2019, nhóm đã chia sẻ những phát hiện của mình trong một bài thuyết trình nội bộ vào tháng 3.2020.</p><p>Qua nghiên cứu, họ nhận thấy nhiều người không thể kiểm soát thời gian sử dụng Facebook, từ đó gặp phải các vấn đề trong cuộc sống riêng, như bị giảm năng suất làm việc, bị mất ngủ do lướt Facebook quá nhiều, các mối quan hệ cá nhân phai nhạt khi mọi người chỉ còn liên hệ trực tuyến thay vì gặp mặt trực tiếp.</p><p>\"Tôi lướt Facebook mỗi ngày, bất cứ lúc nào - theo đúng nghĩa đen. Trừ khi tôi đi tắm. Tôi mất luôn khái niệm về thời gian\", một người dùng 22 tuổi nói với các nhà nghiên cứu.</p><p>Làm trong lĩnh vực truyền thông, Laurin Manning Gandy, 40 tuổi, tạo tài khoản trên Facebook vào cuối năm 2004 để phục vụ công việc. Gandy cho biết mỗi ngày bà phải kiểm tra số bình luận và lượt thích trên các bài đăng của mình, dành hơn 8 giờ mỗi ngày cho ứng dụng.</p><p>\"Cứ mỗi giây rảnh rỗi, tôi lại lấy điện thoại lướt Facebook. Facebook đã chiếm trọn tâm trí tôi\", Gandy nói.</p><p>Dần dần, Gandy không còn thời gian theo đuổi sở thích vẽ tranh của mình. Tháng 4 năm nay, bà xóa Facebook trên điện thoại nhưng sau đó vẫn phải cài đặt lại để đặt đồ ăn từ một nhà hàng.</p><p>Tuy nhiên,<span>&nbsp;</span><a href=\"https://thanhnien.vn/meta-len-ke-hoach-mo-cua-hang-ban-le-post1398518.html\">Meta</a><span>&nbsp;</span>đã phản bác bài báo của<span>&nbsp;</span><em>Wall Street Journal</em>. Công ty gọi tình trạng lướt Facebook quá mức là \"sử dụng có vấn đề\".<span>&nbsp;</span><em>Business Insider</em><span>&nbsp;</span>dẫn lời trưởng nhóm nghiên cứu Pratiti Raychoudhury của Facebook cho biết: \"Sử dụng có vấn đề không giống như nghiện (Facebook). Cụm \"sử dụng có vấn đề\" đã được dùng để mô tả mối quan hệ của con người đối với nhiều loại<span>&nbsp;</span><a href=\"https://thanhnien.vn/cong-nghe/\" target=\"_blank\" rel=\"noopener noreferrer\">công nghệ</a>, như TV và<span>&nbsp;</span><a href=\"https://thanhnien.vn/trung-quoc-tray-trat-voi-tham-vong-tu-chu-ban-dan-post1394972.html\">smartphone</a>\".</p><p>Raychoudhury cũng làm rõ rằng công ty vẫn đang triển khai những sản phẩm để hỗ trợ mọi người sử dụng Facebook một cách lành mạnh, chứ không ngừng hẳn việc nghiên cứu tác hại của mạng xã hội như<span>&nbsp;</span><em>Wall Street Journal</em><span>&nbsp;</span>đưa tin.</p><p>Bà nói: \"Dù chưa tìm thấy mối quan hệ nhân quả giữa mạng xã hội và chứng nghiện, nhưng về tổng thể, nghiên cứu cho thấy mạng xã hội nhìn chung không có tác động lớn đối với sức khỏe của người dùng\".</p><div><table><tbody><tr><td><div class=\"se-component se-image-container __se__float- __se__float-none\" contenteditable=\"false\"><figure style=\"margin: 0px;\"><img src=\"https://image.thanhnien.vn/w2048/Uploaded/2021/kbfluau/2021_11_08/6147854ae3da2d001839ac16-2041.jpg\" alt=\"Hơn 360 triệu người dùng bị nghiện Facebook - ảnh 1\" data-proportion=\"true\" data-align=\"none\" data-index=\"0\" data-file-name=\"6147854ae3da2d001839ac16-2041.jpg\" data-file-size=\"0\" data-origin=\",\" data-size=\",\" data-rotate=\"\" data-rotatex=\"\" data-rotatey=\"\" data-percentage=\"auto,auto\" style=\"\"></figure></div><div><br></div></td></tr><tr><td><p>Ước tính có khoảng 1/8 người nghiện Facebook</p><div><p>AFP/GETTY IMAGES</p></div></td></tr></tbody></table><table><tbody><tr><td><div class=\"se-component se-image-container __se__float- __se__float-none\" contenteditable=\"false\"><figure style=\"margin: 0px;\"><img src=\"https://image.thanhnien.vn/w2048/Uploaded/2021/kbfluau/2021_11_08/facebook-addiction-2640.jpg\" alt=\"Hơn 360 triệu người dùng bị nghiện Facebook - ảnh 2\" data-proportion=\"true\" data-align=\"none\" data-index=\"1\" data-file-name=\"facebook-addiction-2640.jpg\" data-file-size=\"0\" data-origin=\",\" data-size=\",\" data-rotate=\"\" data-rotatex=\"\" data-rotatey=\"\" data-percentage=\"auto,auto\" style=\"\"></figure></div><div><br></div></td></tr><tr><td><p>Nhiều người ví Facebook như chất gây nghiện</p><div><p>CHỤP MÀN HÌNH</p></div></td></tr></tbody></table><table><tbody><tr><td><div src=\"https://thanhnien.mediacdn.vn/325084952045817856/2021/10/26/cuu-nhan-vien-to-cao-facebook-thuc-day-bat-on-16352353383252021734834.mp4\"><div><div type=\"1\"><div><div><div></div><div><div><div><span style=\"box-sizing: inherit; color: inherit; font-size: inherit; line-height: inherit; margin-left: 0px; margin-right: 0px; margin-top: initial; margin-bottom: 0px; font-family: Arial, Helvetica, sans-serif; user-select: none; -webkit-tap-highlight-color: transparent; border: 0px; clip: rect(0px, 0px, 0px, 0px); height: 1px; overflow: hidden; padding: 0px; position: absolute; width: 1px;\">Current Time</span>0:09</div></div><div><div>/</div></div><div><div><span style=\"box-sizing: inherit; color: inherit; font-size: inherit; line-height: inherit; margin-left: 0px; margin-right: 0px; margin-top: initial; margin-bottom: 0px; font-family: Arial, Helvetica, sans-serif; user-select: none; -webkit-tap-highlight-color: transparent; border: 0px; clip: rect(0px, 0px, 0px, 0px); height: 1px; overflow: hidden; padding: 0px; position: absolute; width: 1px;\">Duration</span>2:09</div></div><div><div><div></div></div></div><div><div><div></div><div>Auto</div></div></div><div><div><div></div></div></div><div></div></div></div></div></div></div></div></td></tr><tr><td><div>Cựu nhân viên Facebook: kích động thù hận dễ hơn gợi lòng trắc ẩn</div></td></tr></tbody></table></div><p><br></p>', 'https://image.thanhnien.vn/w2048/Uploaded/2021/kbfluau/2021_11_08/6147854ae3da2d001839ac16-2041.jpg', '2021-11-09 04:25:47', '2021-11-09 04:25:47'),
(35, 'Cảm biến vân tay trên Pixel 6 trở nên chậm chạp', '<p>Google đã đưa ra lời giải thích về nguyên nhân khiến cảm biến vân tay trên Pixel 6 trở nên chậm chạp và khó sử dụng khiến nhiều người dùng khó chịu.</p><p>Theo<span>&nbsp;</span><em>Engadget</em>, Google nói đầu đọc dấu vân tay của Pixel 6 đang sử dụng thuật toán bảo mật nâng cao có thể mất nhiều thời gian hơn để kiểm tra các chữ số của người dùng hoặc yêu cầu tiếp xúc với cảm biến tốt hơn. Mặc dù vậy, Google không giải thích chi tiết về tuyên bố của mình.</p><p>Trước đó, một số người dùng cho rằng hiệu suất chậm chạp có thể là do<span>&nbsp;</span><a href=\"https://thanhnien.vn/google-pixel-6-pro-gap-su-co-man-hinh-nhap-nhay-post1397102.html\" target=\"_blank\">Google</a><span>&nbsp;</span>sử dụng đầu đọc dấu vân tay quang học dưới màn hình thay vì cảm biến siêu âm được thấy trong các điện thoại như Galaxy S21. Tuy nhiên, người dùng Reddit lưu ý có những điện thoại có cảm biến quang học hoạt động nhanh hơn, chẳng hạn như OnePlus 9. Điều này đặt ra nguyên nhân có thể bắt nguồn từ phần mềm khiến tốc độ xử lý cảm biến vân tay của Pixel 6 chậm hơn.</p><p>Hiện tại vẫn chưa rõ liệu Google có thể giải quyết vấn đề này thông qua bản cập nhật phần mềm hay không. Đối với người dùng tìm kiếm giải pháp thay thế tạm thời, họ được khuyến cáo có thể chọn biện pháp nhập mật mã bảo vệ thay vì mở khóa bằng khuôn mặt vì thiếu an toàn do không có cảm biến độ sâu, nơi hệ thống nhận dạng khuôn mặt đôi khi có thể bị đánh lửa bởi mặt nạ và ảnh.</p><div><table><tbody><tr><td><div class=\"se-component se-image-container __se__float- __se__float-none\" contenteditable=\"false\"><figure style=\"margin: 0px;\"><img src=\"https://image.thanhnien.vn/w2048/Uploaded/2021/xdrkxrvekx/2021_11_08/2292-6777.jpg\" alt=\"Google lý giải nguyên nhân khiến máy quét vân tay Pixel 6 chậm chạp - ảnh 1\" data-proportion=\"true\" data-align=\"none\" data-index=\"0\" data-file-name=\"2292-6777.jpg\" data-file-size=\"0\" data-origin=\",\" data-size=\",\" data-rotate=\"\" data-rotatex=\"\" data-rotatey=\"\" data-percentage=\"auto,auto\" style=\"\"></figure></div><div><br></div></td></tr><tr><td><p>Máy quét vân tay trên Pixel 6 hoạt động một cách chậm chạp</p><div><p>TOM’S GUIDE</p></div></td></tr></tbody></table></div><p><br></p>', 'https://image.thanhnien.vn/w2048/Uploaded/2021/xdrkxrvekx/2021_11_08/2292-6777.jpg', '2021-11-09 04:57:48', '2021-11-09 04:57:48'),
(39, 'Chi tiết tai nghe AirPods 3: Đeo thoải mái, giá 6,5 triệu đồng', '<p>Tai nghe AirPods 3 có thiết kế tương tự mẫu AirPods Pro nhưng không hỗ trợ tính năng xuyên âm và chống ồn. Người bán báo giá sản phẩm khoảng 6,5 triệu đồng.</p><div class=\"se-component se-video-container __se__float-\" contenteditable=\"false\" style=\"width: 100%;\"><figure style=\"width: 100%; height: 56.25%; padding-bottom: 56.25%; margin: 0px;\"><iframe src=\"https://sp.zalo.me/plugins/share?dev=null&amp;color=null&amp;oaid=4564080408575020426&amp;href=https%3A%2F%2Fzingnews.vn%2Fchi-tiet-tai-nghe-airpods-3-deo-thoai-mai-gia-6-5-trieu-dong-post1273928.html%3Futm_source%3Dzalo%26utm_medium%3Dzalomsg%26utm_campaign%3Dzingdesktop&amp;layout=icon-text&amp;customize=true&amp;callback=null&amp;id=798e07e5-d490-49c7-964e-8f0846293c86&amp;domain=zingnews.vn&amp;android=false&amp;ios=false\" frameborder=\"0\" allowfullscreen=\"\" data-percentage=\"100%,56.25%\" data-size=\"100%,56.25%\" data-align=\"\" data-index=\"0\" data-file-name=\"share?dev=null&amp;color=null&amp;oaid=4564080408575020426&amp;href=https%3A%2F%2Fzingnews.vn%2Fchi-tiet-tai-nghe-airpods-3-deo-thoai-mai-gia-6-5-trieu-dong-post1273928.html%3Futm_source%3Dzalo%26utm_medium%3Dzalomsg%26utm_campaign%3Dzingdesktop&amp;layout=icon-text&amp;customize=true&amp;callback=null&amp;id=798e07e5-d490-49c7-964e-8f0846293c86&amp;domain=zingnews.vn&amp;android=false&amp;ios=false\" data-file-size=\"0\" data-origin=\"100%,56.25%\" style=\"width: 100%; height: 100%;\"></iframe></figure></div><div><span style=\"box-sizing: border-box; text-rendering: geometricprecision; outline: 0px; -webkit-font-smoothing: antialiased; margin: 0px; padding: 0px; border: 0px; font-size: 16px; vertical-align: baseline; background: transparent; text-size-adjust: 100%; color: rgb(0, 0, 0); line-height: 1.4;\">AirPods 3 được đóng hộp giống như các sản phẩm Apple khác với hình ảnh thiết bị ở phía trước. Bên trong hộp ngoài sách hướng dẫn sử dụng, nhà sản xuất còn tặng kèm một sợi cáp sạc chuẩn C to Lightning.</span><ul></ul></div><div class=\"se-component se-image-container __se__float- __se__float-none\" contenteditable=\"false\"><figure style=\"margin: 0px;\"><img src=\"https://znews-photo.zadn.vn/w1920/Uploaded/ygtmvd/2021_10_29/AirPods_zing_1_of_22_.jpg\" alt=\"Trai nghiem AirPods 3: cam giac deo thoai mai,  gia 6, 5 trieu dong anh 1\" data-proportion=\"true\" data-align=\"none\" data-index=\"0\" data-file-name=\"AirPods_zing_1_of_22_.jpg\" data-file-size=\"0\" data-origin=\",\" data-size=\",\" data-rotate=\"\" data-rotatex=\"\" data-rotatey=\"\" data-percentage=\"auto,auto\" style=\"\"></figure></div><div><br></div><div><table><tbody><tr><td><div class=\"se-component se-image-container __se__float- __se__float-none\" contenteditable=\"false\"><figure style=\"margin: 0px;\"><img src=\"https://znews-photo.zadn.vn/w960/Uploaded/ygtmvd/2021_10_29/AirPods_zing_1_of_22_.jpg\" alt=\"Trai nghiem AirPods 3: cam giac deo thoai mai,  gia 6, 5 trieu dong anh 1\" data-proportion=\"true\" data-align=\"none\" data-index=\"1\" data-file-name=\"AirPods_zing_1_of_22_.jpg\" data-file-size=\"0\" data-origin=\",\" data-size=\",\" data-rotate=\"\" data-rotatex=\"\" data-rotatey=\"\" data-percentage=\"auto,auto\" style=\"\"></figure></div><div><br></div></td></tr><tr><td><p>AirPods 3 được đóng hộp giống như các sản phẩm Apple khác với hình ảnh thiết bị ở phía trước. Bên trong hộp ngoài sách hướng dẫn sử dụng, nhà sản xuất còn tặng kèm một sợi cáp sạc chuẩn C to Lightning.</p></td></tr></tbody></table></div><div class=\"se-component se-video-container __se__float-\" contenteditable=\"false\" style=\"width: 100%;\"><figure style=\"width: 100%; height: 56.25%; padding-bottom: 56.25%; margin: 0px;\"><iframe src=\"https://sp.zalo.me/plugins/share?dev=null&amp;color=null&amp;oaid=4564080408575020426&amp;href=https%3A%2F%2Fzingnews.vn%2Fchi-tiet-tai-nghe-airpods-3-deo-thoai-mai-gia-6-5-trieu-dong-post1273928.html%3Futm_source%3Dzalo%26utm_medium%3Dzalomsg%26utm_campaign%3Dzingdesktop&amp;layout=icon-text&amp;customize=true&amp;callback=null&amp;id=1c66e517-8dd9-40b9-9481-83753ec87e15&amp;domain=zingnews.vn&amp;android=false&amp;ios=false\" frameborder=\"0\" allowfullscreen=\"\" data-percentage=\"100%,56.25%\" data-size=\"100%,56.25%\" data-align=\"\" data-index=\"1\" data-file-name=\"share?dev=null&amp;color=null&amp;oaid=4564080408575020426&amp;href=https%3A%2F%2Fzingnews.vn%2Fchi-tiet-tai-nghe-airpods-3-deo-thoai-mai-gia-6-5-trieu-dong-post1273928.html%3Futm_source%3Dzalo%26utm_medium%3Dzalomsg%26utm_campaign%3Dzingdesktop&amp;layout=icon-text&amp;customize=true&amp;callback=null&amp;id=1c66e517-8dd9-40b9-9481-83753ec87e15&amp;domain=zingnews.vn&amp;android=false&amp;ios=false\" data-file-size=\"0\" data-origin=\"100%,56.25%\" style=\"width: 100%; height: 100%;\"></iframe></figure></div><div><span style=\"box-sizing: border-box; text-rendering: geometricprecision; outline: 0px; -webkit-font-smoothing: antialiased; margin: 0px; padding: 0px; border: 0px; font-size: 16px; vertical-align: baseline; background: transparent; text-size-adjust: 100%; color: rgb(0, 0, 0); line-height: 1.4;\">Apple chú thích rõ ở mặt sau của rằng hộp đựng của AirPods 3 tương thích với sạc không dây Magsafe.</span><ul></ul></div><div class=\"se-component se-image-container __se__float- __se__float-none\" contenteditable=\"false\"><figure style=\"margin: 0px;\"><img src=\"https://znews-photo.zadn.vn/w1920/Uploaded/ygtmvd/2021_10_29/AirPods_zing_2_of_22_.jpg\" alt=\"Trai nghiem AirPods 3: cam giac deo thoai mai,  gia 6, 5 trieu dong anh 2\" data-proportion=\"true\" data-align=\"none\" data-index=\"2\" data-file-name=\"AirPods_zing_2_of_22_.jpg\" data-file-size=\"0\" data-origin=\",\" data-size=\",\" data-rotate=\"\" data-rotatex=\"\" data-rotatey=\"\" data-percentage=\"auto,auto\" style=\"\"></figure></div><div><br></div><div><table><tbody><tr><td><div class=\"se-component se-image-container __se__float- __se__float-none\" contenteditable=\"false\"><figure style=\"margin: 0px;\"><img src=\"https://znews-photo.zadn.vn/w960/Uploaded/ygtmvd/2021_10_29/AirPods_zing_2_of_22_.jpg\" alt=\"Trai nghiem AirPods 3: cam giac deo thoai mai,  gia 6, 5 trieu dong anh 2\" data-proportion=\"true\" data-align=\"none\" data-index=\"3\" data-file-name=\"AirPods_zing_2_of_22_.jpg\" data-file-size=\"0\" data-origin=\",\" data-size=\",\" data-rotate=\"\" data-rotatex=\"\" data-rotatey=\"\" data-percentage=\"auto,auto\" style=\"\"></figure></div><div><br></div></td></tr><tr><td><p>Apple chú thích rõ ở mặt sau của rằng hộp đựng của AirPods 3 tương thích với sạc không dây Magsafe.</p></td></tr></tbody></table></div><div><span style=\"box-sizing: border-box; text-rendering: geometricprecision; outline: 0px; -webkit-font-smoothing: antialiased; margin: 0px; padding: 0px; border: 0px; font-size: 16px; vertical-align: baseline; background: transparent; text-size-adjust: 100%; color: rgb(0, 0, 0); line-height: 1.4;\">Hộp đựng của AirPods 3 có kích thước nhỏ hơn AirPods Pro và lớn hơn AirPods 2.</span><ul><li href=\"https://zingnews.vn/chi-tiet-tai-nghe-airpods-3-deo-thoai-mai-gia-6-5-trieu-dong-post1273928.html?utm_source=zalo&amp;utm_medium=zalomsg&amp;utm_campaign=zingdesktop\"></li><li></li></ul></div><div class=\"se-component se-image-container __se__float- __se__float-none\" contenteditable=\"false\"><figure style=\"margin: 0px;\"><img src=\"https://znews-photo.zadn.vn/w1920/Uploaded/ygtmvd/2021_10_29/AirPods_zing_3_of_22_.jpg\" alt=\"Trai nghiem AirPods 3: cam giac deo thoai mai,  gia 6, 5 trieu dong anh 3\" data-proportion=\"true\" data-align=\"none\" data-index=\"4\" data-file-name=\"AirPods_zing_3_of_22_.jpg\" data-file-size=\"0\" data-origin=\",\" data-size=\",\" data-rotate=\"\" data-rotatex=\"\" data-rotatey=\"\" data-percentage=\"auto,auto\" style=\"\"></figure></div><div><br></div><div><table><tbody><tr><td><div class=\"se-component se-image-container __se__float- __se__float-none\" contenteditable=\"false\"><figure style=\"margin: 0px;\"><img src=\"https://znews-photo.zadn.vn/w960/Uploaded/ygtmvd/2021_10_29/AirPods_zing_3_of_22_.jpg\" alt=\"Trai nghiem AirPods 3: cam giac deo thoai mai,  gia 6, 5 trieu dong anh 3\" data-proportion=\"true\" data-align=\"none\" data-index=\"5\" data-file-name=\"AirPods_zing_3_of_22_.jpg\" data-file-size=\"0\" data-origin=\",\" data-size=\",\" data-rotate=\"\" data-rotatex=\"\" data-rotatey=\"\" data-percentage=\"auto,auto\" style=\"\"></figure></div><div><br></div></td></tr><tr><td><p>Hộp đựng của AirPods 3 có kích thước nhỏ hơn AirPods Pro và lớn hơn AirPods 2.</p></td></tr></tbody></table></div><div><span style=\"box-sizing: border-box; text-rendering: geometricprecision; outline: 0px; -webkit-font-smoothing: antialiased; margin: 0px; padding: 0px; border: 0px; font-size: 16px; vertical-align: baseline; background: transparent; text-size-adjust: 100%; color: rgb(0, 0, 0); line-height: 1.4;\">Hai chiếc tai nghe AirPods 3 có thiết kế tương đồng mẫu AirPods Pro. Tuy nhiên đây là sản phẩm dạng earbuds nên không có nút nhét tai. Đồng thời, phần thân tai nghe thế hệ mới cũng ngắn hơn AirPods 2. Apple đặt bộ phận cảm ứng lực ở vị trí này để người dùng điều khiển thiết bị.</span><ul><li href=\"https://zingnews.vn/chi-tiet-tai-nghe-airpods-3-deo-thoai-mai-gia-6-5-trieu-dong-post1273928.html?utm_source=zalo&amp;utm_medium=zalomsg&amp;utm_campaign=zingdesktop\"></li><li></li></ul></div><div class=\"se-component se-image-container __se__float- __se__float-none\" contenteditable=\"false\"><figure style=\"margin: 0px;\"><img src=\"https://znews-photo.zadn.vn/w1920/Uploaded/ygtmvd/2021_10_29/AirPods_zing_10_of_22_.jpg\" alt=\"Trai nghiem AirPods 3: cam giac deo thoai mai,  gia 6, 5 trieu dong anh 4\" data-proportion=\"true\" data-align=\"none\" data-index=\"6\" data-file-name=\"AirPods_zing_10_of_22_.jpg\" data-file-size=\"0\" data-origin=\",\" data-size=\",\" data-rotate=\"\" data-rotatex=\"\" data-rotatey=\"\" data-percentage=\"auto,auto\" style=\"\"></figure></div><div><br></div><div><table><tbody><tr><td><div class=\"se-component se-image-container __se__float- __se__float-none\" contenteditable=\"false\"><figure style=\"margin: 0px;\"><img src=\"https://znews-photo.zadn.vn/w960/Uploaded/ygtmvd/2021_10_29/AirPods_zing_10_of_22_.jpg\" alt=\"Trai nghiem AirPods 3: cam giac deo thoai mai,  gia 6, 5 trieu dong anh 4\" data-proportion=\"true\" data-align=\"none\" data-index=\"7\" data-file-name=\"AirPods_zing_10_of_22_.jpg\" data-file-size=\"0\" data-origin=\",\" data-size=\",\" data-rotate=\"\" data-rotatex=\"\" data-rotatey=\"\" data-percentage=\"auto,auto\" style=\"\"></figure></div><div><br></div></td></tr><tr><td><p>Hai chiếc tai nghe AirPods 3 có thiết kế tương đồng mẫu AirPods Pro. Tuy nhiên đây là sản phẩm dạng earbuds nên không có nút nhét tai. Đồng thời, phần thân tai nghe thế hệ mới cũng ngắn hơn AirPods 2. Apple đặt bộ phận cảm ứng lực ở vị trí này để người dùng điều khiển thiết bị.</p></td></tr></tbody></table></div><div><span style=\"box-sizing: border-box; text-rendering: geometricprecision; outline: 0px; -webkit-font-smoothing: antialiased; margin: 0px; padding: 0px; border: 0px; font-size: 16px; vertical-align: baseline; background: transparent; text-size-adjust: 100%; color: rgb(0, 0, 0); line-height: 1.4;\">Trên AirPods 3, Táo khuyết trang bị nhiều cảm biến và micro để phục vụ tính năng Adaptive EQ và tự dừng nhạc khi tháo khỏi tai.</span><ul><li href=\"https://zingnews.vn/chi-tiet-tai-nghe-airpods-3-deo-thoai-mai-gia-6-5-trieu-dong-post1273928.html?utm_source=zalo&amp;utm_medium=zalomsg&amp;utm_campaign=zingdesktop\"></li><li></li></ul></div><div class=\"se-component se-image-container __se__float- __se__float-none\" contenteditable=\"false\"><figure style=\"margin: 0px;\"><img src=\"https://znews-photo.zadn.vn/w1920/Uploaded/ygtmvd/2021_10_29/AirPods_zing_13_of_22_.jpg\" alt=\"Trai nghiem AirPods 3: cam giac deo thoai mai,  gia 6, 5 trieu dong anh 5\" data-proportion=\"true\" data-align=\"none\" data-index=\"8\" data-file-name=\"AirPods_zing_13_of_22_.jpg\" data-file-size=\"0\" data-origin=\",\" data-size=\",\" data-rotate=\"\" data-rotatex=\"\" data-rotatey=\"\" data-percentage=\"auto,auto\" style=\"\"></figure></div><div><br></div><div><table><tbody><tr><td><div class=\"se-component se-image-container __se__float- __se__float-none\" contenteditable=\"false\"><figure style=\"margin: 0px;\"><img src=\"https://znews-photo.zadn.vn/w960/Uploaded/ygtmvd/2021_10_29/AirPods_zing_13_of_22_.jpg\" alt=\"Trai nghiem AirPods 3: cam giac deo thoai mai,  gia 6, 5 trieu dong anh 5\" data-proportion=\"true\" data-align=\"none\" data-index=\"9\" data-file-name=\"AirPods_zing_13_of_22_.jpg\" data-file-size=\"0\" data-origin=\",\" data-size=\",\" data-rotate=\"\" data-rotatex=\"\" data-rotatey=\"\" data-percentage=\"auto,auto\" style=\"\"></figure></div><div><br></div></td></tr><tr><td><p>Trên AirPods 3, Táo khuyết trang bị nhiều cảm biến và micro để phục vụ tính năng Adaptive EQ và tự dừng nhạc khi tháo khỏi tai.</p></td></tr></tbody></table></div><div><span style=\"box-sizing: border-box; text-rendering: geometricprecision; outline: 0px; -webkit-font-smoothing: antialiased; margin: 0px; padding: 0px; border: 0px; font-size: 16px; vertical-align: baseline; background: transparent; text-size-adjust: 100%; color: rgb(0, 0, 0); line-height: 1.4;\">Khi đeo, sản phẩm mang lại trải nghiệm thoải mái, nằm sát trên tai và khó rơi khi vận động mạnh. Với người dùng không thích cảm giác đeo của các loại tai nghe nhét tai, AirPods 3 là một sự lựa chọn tốt. Lúc ở trên tai, thiết bị này có hình dáng tương tự mẫu AirPods Pro.</span><ul><li href=\"https://zingnews.vn/chi-tiet-tai-nghe-airpods-3-deo-thoai-mai-gia-6-5-trieu-dong-post1273928.html?utm_source=zalo&amp;utm_medium=zalomsg&amp;utm_campaign=zingdesktop\"></li><li></li></ul></div><div class=\"se-component se-image-container __se__float- __se__float-none\" contenteditable=\"false\"><figure style=\"margin: 0px;\"><img src=\"https://znews-photo.zadn.vn/w1920/Uploaded/ygtmvd/2021_10_29/AirPods_zing_14_of_22_.jpg\" alt=\"Trai nghiem AirPods 3: cam giac deo thoai mai,  gia 6, 5 trieu dong anh 6\" data-proportion=\"true\" data-align=\"none\" data-index=\"10\" data-file-name=\"AirPods_zing_14_of_22_.jpg\" data-file-size=\"0\" data-origin=\",\" data-size=\",\" data-rotate=\"\" data-rotatex=\"\" data-rotatey=\"\" data-percentage=\"auto,auto\" style=\"\"></figure></div><div><br></div><div><table><tbody><tr><td><div class=\"se-component se-image-container __se__float- __se__float-none\" contenteditable=\"false\"><figure style=\"margin: 0px;\"><img src=\"https://znews-photo.zadn.vn/w960/Uploaded/ygtmvd/2021_10_29/AirPods_zing_14_of_22_.jpg\" alt=\"Trai nghiem AirPods 3: cam giac deo thoai mai,  gia 6, 5 trieu dong anh 6\" data-proportion=\"true\" data-align=\"none\" data-index=\"11\" data-file-name=\"AirPods_zing_14_of_22_.jpg\" data-file-size=\"0\" data-origin=\",\" data-size=\",\" data-rotate=\"\" data-rotatex=\"\" data-rotatey=\"\" data-percentage=\"auto,auto\" style=\"\"></figure></div><div><br></div></td></tr><tr><td><p>Khi đeo, sản phẩm mang lại trải nghiệm thoải mái, nằm sát trên tai và khó rơi khi vận động mạnh. Với người dùng không thích cảm giác đeo của các loại tai nghe nhét tai, AirPods 3 là một sự lựa chọn tốt. Lúc ở trên tai, thiết bị này có hình dáng tương tự mẫu AirPods Pro.</p></td></tr></tbody></table></div><div><span style=\"box-sizing: border-box; text-rendering: geometricprecision; outline: 0px; -webkit-font-smoothing: antialiased; margin: 0px; padding: 0px; border: 0px; font-size: 16px; vertical-align: baseline; background: transparent; text-size-adjust: 100%; color: rgb(0, 0, 0); line-height: 1.4;\">Tuy nhiên, vì không có nút tai nên AirPods 3 thiếu các tính năng chống ồn chủ động, xuyên âm như AirPods Pro. Ngoài ra, Apple cho biết sản phẩm đạt tiêu chuẩn IPX4, kháng nước nhẹ.</span><ul><li href=\"https://zingnews.vn/chi-tiet-tai-nghe-airpods-3-deo-thoai-mai-gia-6-5-trieu-dong-post1273928.html?utm_source=zalo&amp;utm_medium=zalomsg&amp;utm_campaign=zingdesktop\"></li><li></li></ul></div><div class=\"se-component se-image-container __se__float- __se__float-none\" contenteditable=\"false\"><figure style=\"margin: 0px;\"><img src=\"https://znews-photo.zadn.vn/w1920/Uploaded/ygtmvd/2021_10_29/AirPods_zing_7_of_22_.jpg\" alt=\"Trai nghiem AirPods 3: cam giac deo thoai mai,  gia 6, 5 trieu dong anh 7\" data-proportion=\"true\" data-align=\"none\" data-index=\"12\" data-file-name=\"AirPods_zing_7_of_22_.jpg\" data-file-size=\"0\" data-origin=\",\" data-size=\",\" data-rotate=\"\" data-rotatex=\"\" data-rotatey=\"\" data-percentage=\"auto,auto\" style=\"\"></figure></div><div><br></div><div><table><tbody><tr><td><div class=\"se-component se-image-container __se__float- __se__float-none\" contenteditable=\"false\"><figure style=\"margin: 0px;\"><img src=\"https://znews-photo.zadn.vn/w960/Uploaded/ygtmvd/2021_10_29/AirPods_zing_7_of_22_.jpg\" alt=\"Trai nghiem AirPods 3: cam giac deo thoai mai,  gia 6, 5 trieu dong anh 7\" data-proportion=\"true\" data-align=\"none\" data-index=\"13\" data-file-name=\"AirPods_zing_7_of_22_.jpg\" data-file-size=\"0\" data-origin=\",\" data-size=\",\" data-rotate=\"\" data-rotatex=\"\" data-rotatey=\"\" data-percentage=\"auto,auto\" style=\"\"></figure></div><div><br></div></td></tr><tr><td><p>Tuy nhiên, vì không có nút tai nên AirPods 3 thiếu các tính năng chống ồn chủ động, xuyên âm như AirPods Pro. Ngoài ra, Apple cho biết sản phẩm đạt tiêu chuẩn IPX4, kháng nước nhẹ.</p></td></tr></tbody></table></div><div><span style=\"box-sizing: border-box; text-rendering: geometricprecision; outline: 0px; -webkit-font-smoothing: antialiased; margin: 0px; padding: 0px; border: 0px; font-size: 16px; vertical-align: baseline; background: transparent; text-size-adjust: 100%; color: rgb(0, 0, 0); line-height: 1.4;\">Tính năng nổi bật mà Apple trang bị cho AirPods 3 là hỗ trợ giả lập âm thanh 360 độ (Spatial Audio). Tính năng này không có mặt trên thế hệ AirPods và AirPods 2.</span><ul><li href=\"https://zingnews.vn/chi-tiet-tai-nghe-airpods-3-deo-thoai-mai-gia-6-5-trieu-dong-post1273928.html?utm_source=zalo&amp;utm_medium=zalomsg&amp;utm_campaign=zingdesktop\"></li><li></li></ul></div><div class=\"se-component se-image-container __se__float- __se__float-none\" contenteditable=\"false\"><figure style=\"margin: 0px;\"><img src=\"https://znews-photo.zadn.vn/w1920/Uploaded/ygtmvd/2021_10_29/AirPods_zing_19_of_22_.jpg\" alt=\"Trai nghiem AirPods 3: cam giac deo thoai mai,  gia 6, 5 trieu dong anh 8\" data-proportion=\"true\" data-align=\"none\" data-index=\"14\" data-file-name=\"AirPods_zing_19_of_22_.jpg\" data-file-size=\"0\" data-origin=\",\" data-size=\",\" data-rotate=\"\" data-rotatex=\"\" data-rotatey=\"\" data-percentage=\"auto,auto\" style=\"\"></figure></div><div><br></div><div><table><tbody><tr><td><div class=\"se-component se-image-container __se__float- __se__float-none\" contenteditable=\"false\"><figure style=\"margin: 0px;\"><img src=\"https://znews-photo.zadn.vn/w960/Uploaded/ygtmvd/2021_10_29/AirPods_zing_19_of_22_.jpg\" alt=\"Trai nghiem AirPods 3: cam giac deo thoai mai,  gia 6, 5 trieu dong anh 8\" data-proportion=\"true\" data-align=\"none\" data-index=\"15\" data-file-name=\"AirPods_zing_19_of_22_.jpg\" data-file-size=\"0\" data-origin=\",\" data-size=\",\" data-rotate=\"\" data-rotatex=\"\" data-rotatey=\"\" data-percentage=\"auto,auto\" style=\"\"></figure></div><div><br></div></td></tr><tr><td><p>Tính năng nổi bật mà Apple trang bị cho AirPods 3 là hỗ trợ giả lập âm thanh 360 độ (Spatial Audio). Tính năng này không có mặt trên thế hệ AirPods và AirPods 2.</p></td></tr></tbody></table></div><div><span style=\"box-sizing: border-box; text-rendering: geometricprecision; outline: 0px; -webkit-font-smoothing: antialiased; margin: 0px; padding: 0px; border: 0px; font-size: 16px; vertical-align: baseline; background: transparent; text-size-adjust: 100%; color: rgb(0, 0, 0); line-height: 1.4;\">Người dùng iPhone có thể kết nối với AirPods 3 nhanh chóng thông qua pop-up trên màn hình. Tuy nhiên, thiết bị yêu cầu iPhone chạy iOS 15 để sử dụng tính năng này.</span><ul><li href=\"https://zingnews.vn/chi-tiet-tai-nghe-airpods-3-deo-thoai-mai-gia-6-5-trieu-dong-post1273928.html?utm_source=zalo&amp;utm_medium=zalomsg&amp;utm_campaign=zingdesktop\"></li><li></li></ul></div><div class=\"se-component se-image-container __se__float- __se__float-none\" contenteditable=\"false\"><figure style=\"margin: 0px;\"><img src=\"https://znews-photo.zadn.vn/w1920/Uploaded/ygtmvd/2021_10_29/AirPods_zing_15_of_22_.jpg\" alt=\"Trai nghiem AirPods 3: cam giac deo thoai mai,  gia 6, 5 trieu dong anh 9\" data-proportion=\"true\" data-align=\"none\" data-index=\"16\" data-file-name=\"AirPods_zing_15_of_22_.jpg\" data-file-size=\"0\" data-origin=\",\" data-size=\",\" data-rotate=\"\" data-rotatex=\"\" data-rotatey=\"\" data-percentage=\"auto,auto\" style=\"\"></figure></div><div><br></div><div><table><tbody><tr><td><div class=\"se-component se-image-container __se__float- __se__float-none\" contenteditable=\"false\"><figure style=\"margin: 0px;\"><img src=\"https://znews-photo.zadn.vn/w960/Uploaded/ygtmvd/2021_10_29/AirPods_zing_15_of_22_.jpg\" alt=\"Trai nghiem AirPods 3: cam giac deo thoai mai,  gia 6, 5 trieu dong anh 9\" data-proportion=\"true\" data-align=\"none\" data-index=\"17\" data-file-name=\"AirPods_zing_15_of_22_.jpg\" data-file-size=\"0\" data-origin=\",\" data-size=\",\" data-rotate=\"\" data-rotatex=\"\" data-rotatey=\"\" data-percentage=\"auto,auto\" style=\"\"></figure></div><div><br></div></td></tr><tr><td><p>Người dùng iPhone có thể kết nối với AirPods 3 nhanh chóng thông qua pop-up trên màn hình. Tuy nhiên, thiết bị yêu cầu iPhone chạy iOS 15 để sử dụng tính năng này.</p></td></tr></tbody></table></div><div><span style=\"box-sizing: border-box; text-rendering: geometricprecision; outline: 0px; -webkit-font-smoothing: antialiased; margin: 0px; padding: 0px; border: 0px; font-size: 16px; vertical-align: baseline; background: transparent; text-size-adjust: 100%; color: rgb(0, 0, 0); line-height: 1.4;\">Theo đánh giá của người viết, AirPods 3 có chất âm tương tự AirPods Pro. Sản phẩm có các dải âm cân bằng. Trong đó, phần bass từ AirPods 3 vẫn có cảm giác đầm chắc như những mẫu AirPods trước đó. Ngoài ra, Apple trang bị thêm một micro thu âm bên trong và dùng thuật toán để nhận biết thể loại nhạc người dùng đang nghe để đưa ra mức EQ phù hợp.</span><ul><li href=\"https://zingnews.vn/chi-tiet-tai-nghe-airpods-3-deo-thoai-mai-gia-6-5-trieu-dong-post1273928.html?utm_source=zalo&amp;utm_medium=zalomsg&amp;utm_campaign=zingdesktop\"></li><li></li></ul></div><div class=\"se-component se-image-container __se__float- __se__float-none\" contenteditable=\"false\"><figure style=\"margin: 0px;\"><img src=\"https://znews-photo.zadn.vn/w1920/Uploaded/ygtmvd/2021_10_29/AirPods_zing_17_of_22_.jpg\" alt=\"Trai nghiem AirPods 3: cam giac deo thoai mai,  gia 6, 5 trieu dong anh 10\" data-proportion=\"true\" data-align=\"none\" data-index=\"18\" data-file-name=\"AirPods_zing_17_of_22_.jpg\" data-file-size=\"0\" data-origin=\",\" data-size=\",\" data-rotate=\"\" data-rotatex=\"\" data-rotatey=\"\" data-percentage=\"auto,auto\" style=\"\"></figure></div><div><br></div><div><table><tbody><tr><td><div class=\"se-component se-image-container __se__float- __se__float-none\" contenteditable=\"false\"><figure style=\"margin: 0px;\"><img src=\"https://znews-photo.zadn.vn/w960/Uploaded/ygtmvd/2021_10_29/AirPods_zing_17_of_22_.jpg\" alt=\"Trai nghiem AirPods 3: cam giac deo thoai mai,  gia 6, 5 trieu dong anh 10\" data-proportion=\"true\" data-align=\"none\" data-index=\"19\" data-file-name=\"AirPods_zing_17_of_22_.jpg\" data-file-size=\"0\" data-origin=\",\" data-size=\",\" data-rotate=\"\" data-rotatex=\"\" data-rotatey=\"\" data-percentage=\"auto,auto\" style=\"\"></figure></div><div><br></div></td></tr><tr><td><p>Theo đánh giá của người viết, AirPods 3 có chất âm tương tự AirPods Pro. Sản phẩm có các dải âm cân bằng. Trong đó, phần bass từ AirPods 3 vẫn có cảm giác đầm chắc như những mẫu AirPods trước đó. Ngoài ra, Apple trang bị thêm một micro thu âm bên trong và dùng thuật toán để nhận biết thể loại nhạc người dùng đang nghe để đưa ra mức EQ phù hợp.</p></td></tr></tbody></table></div><div><span style=\"box-sizing: border-box; text-rendering: geometricprecision; outline: 0px; -webkit-font-smoothing: antialiased; margin: 0px; padding: 0px; border: 0px; font-size: 16px; vertical-align: baseline; background: transparent; text-size-adjust: 100%; color: rgb(0, 0, 0); line-height: 1.4;\">Nhà sản xuất cho biết AirPods 3 có thể dùng để nghe nhạc liên tục trong 6 tiếng sau khi được sạc đầy, tổng cộng 30 tiếng nếu kết hợp với hộp sạc.</span><ul><li href=\"https://zingnews.vn/chi-tiet-tai-nghe-airpods-3-deo-thoai-mai-gia-6-5-trieu-dong-post1273928.html?utm_source=zalo&amp;utm_medium=zalomsg&amp;utm_campaign=zingdesktop\"></li><li></li></ul></div><div class=\"se-component se-image-container __se__float- __se__float-none\" contenteditable=\"false\"><figure style=\"margin: 0px;\"><img src=\"https://znews-photo.zadn.vn/w1920/Uploaded/ygtmvd/2021_10_29/AirPods_zing_16_of_22_.jpg\" alt=\"Trai nghiem AirPods 3: cam giac deo thoai mai,  gia 6, 5 trieu dong anh 11\" data-proportion=\"true\" data-align=\"none\" data-index=\"20\" data-file-name=\"AirPods_zing_16_of_22_.jpg\" data-file-size=\"0\" data-origin=\",\" data-size=\",\" data-rotate=\"\" data-rotatex=\"\" data-rotatey=\"\" data-percentage=\"auto,auto\" style=\"\"></figure></div><div><br></div><div><table><tbody><tr><td><div class=\"se-component se-image-container __se__float- __se__float-none\" contenteditable=\"false\"><figure style=\"margin: 0px;\"><img src=\"https://znews-photo.zadn.vn/w960/Uploaded/ygtmvd/2021_10_29/AirPods_zing_16_of_22_.jpg\" alt=\"Trai nghiem AirPods 3: cam giac deo thoai mai,  gia 6, 5 trieu dong anh 11\" data-proportion=\"true\" data-align=\"none\" data-index=\"21\" data-file-name=\"AirPods_zing_16_of_22_.jpg\" data-file-size=\"0\" data-origin=\",\" data-size=\",\" data-rotate=\"\" data-rotatex=\"\" data-rotatey=\"\" data-percentage=\"auto,auto\" style=\"\"></figure></div><div><br></div></td></tr><tr><td><p>Nhà sản xuất cho biết AirPods 3 có thể dùng để nghe nhạc liên tục trong 6 tiếng sau khi được sạc đầy, tổng cộng 30 tiếng nếu kết hợp với hộp sạc.</p></td></tr></tbody></table></div><div><span style=\"box-sizing: border-box; text-rendering: geometricprecision; outline: 0px; -webkit-font-smoothing: antialiased; margin: 0px; padding: 0px; border: 0px; font-size: 16px; vertical-align: baseline; background: transparent; text-size-adjust: 100%; color: rgb(0, 0, 0); line-height: 1.4;\">Giá bán chính thức của AirPods 3 là 179 USD. Một số đại lý chính hãng báo giá dự kiến 5-5,6 triệu đồng cho sản phẩm này và có hàng vào cuối tháng 11. Trong khi đó, AirPods 3 xách tay từ các thị trường khác đang được rao bán tại Việt Nam với giá 6-6,5 triệu đồng. Ở phân khúc khoảng 5 triệu đồng, AirPods 3 sẽ phải cạnh tranh với model WF-1000M4. Mẫu tai nghe mới của Sony có âm thanh đạt chuẩn Hi-res và hiệu năng chống ồn tốt hơn. Ngoài ra, mẫu Sennheiser Momentum True Wireless 2 với thiết kế cao cấp, được trang bị các tính năng chống ồn, xuyên âm là một lựa chọn khác ở mức giá này.</span><ul><li href=\"https://zingnews.vn/chi-tiet-tai-nghe-airpods-3-deo-thoai-mai-gia-6-5-trieu-dong-post1273928.html?utm_source=zalo&amp;utm_medium=zalomsg&amp;utm_campaign=zingdesktop\"></li><li></li></ul></div><div class=\"se-component se-image-container __se__float- __se__float-none\" contenteditable=\"false\"><figure style=\"margin: 0px;\"><img src=\"https://znews-photo.zadn.vn/w1920/Uploaded/ygtmvd/2021_10_29/AirPods_zing_4_of_22_.jpg\" alt=\"Trai nghiem AirPods 3: cam giac deo thoai mai,  gia 6, 5 trieu dong anh 12\" data-proportion=\"true\" data-align=\"none\" data-index=\"22\" data-file-name=\"AirPods_zing_4_of_22_.jpg\" data-file-size=\"0\" data-origin=\",\" data-size=\",\" data-rotate=\"\" data-rotatex=\"\" data-rotatey=\"\" data-percentage=\"auto,auto\" style=\"\"></figure></div><div><br></div><div><table><tbody><tr><td><div class=\"se-component se-image-container __se__float- __se__float-none\" contenteditable=\"false\"><figure style=\"margin: 0px;\"><img src=\"https://znews-photo.zadn.vn/w960/Uploaded/ygtmvd/2021_10_29/AirPods_zing_4_of_22_.jpg\" alt=\"Trai nghiem AirPods 3: cam giac deo thoai mai,  gia 6, 5 trieu dong anh 12\" data-proportion=\"true\" data-align=\"none\" data-index=\"23\" data-file-name=\"AirPods_zing_4_of_22_.jpg\" data-file-size=\"0\" data-origin=\",\" data-size=\",\" data-rotate=\"\" data-rotatex=\"\" data-rotatey=\"\" data-percentage=\"auto,auto\" style=\"\"></figure></div><div><br></div></td></tr><tr><td><p>Giá bán chính thức của AirPods 3 là<span>&nbsp;</span>179 USD. Một số đại lý chính hãng báo giá dự kiến 5-5,6 triệu đồng cho sản phẩm này và có hàng vào cuối tháng 11. Trong khi đó, AirPods 3 xách tay từ các thị trường khác đang được rao bán tại Việt Nam với giá 6-6,5 triệu đồng. Ở phân khúc khoảng 5 triệu đồng, AirPods 3 sẽ phải cạnh tranh với model WF-1000M4. Mẫu tai nghe mới của Sony có âm thanh đạt chuẩn Hi-res và hiệu năng chống ồn tốt hơn. Ngoài ra, mẫu Sennheiser Momentum True Wireless 2 với thiết kế cao cấp, được trang bị các tính năng chống ồn, xuyên âm là một lựa chọn khác ở mức giá này.</p></td></tr></tbody></table></div><p><br></p>', 'https://znews-photo.zadn.vn/w660/Uploaded/ygtmvd/2021_10_29/Screenshot_21.jpg', '2021-11-22 03:14:22', '2021-11-22 03:14:22');

-- --------------------------------------------------------

--
-- Cấu trúc bảng cho bảng `orders`
--

CREATE TABLE `orders` (
  `id` int(11) NOT NULL,
  `user_id` int(11) DEFAULT NULL,
  `note` varchar(255) COLLATE utf8mb4_unicode_ci DEFAULT NULL,
  `order_date` datetime DEFAULT NULL,
  `status` int(11) DEFAULT NULL,
  `total_money` int(11) DEFAULT NULL
) ENGINE=InnoDB DEFAULT CHARSET=utf8mb4 COLLATE=utf8mb4_unicode_ci;

--
-- Đang đổ dữ liệu cho bảng `orders`
--

INSERT INTO `orders` (`id`, `user_id`, `note`, `order_date`, `status`, `total_money`) VALUES
(7, 1, '', '2021-11-13 16:00:14', 0, 0),
(8, 2, '', '2021-11-14 07:54:57', 0, 0),
(9, 21, '', '2021-11-15 09:55:16', 0, 0),
(10, 8, '', '2021-11-16 20:19:13', 0, 0),
(11, 28, '', '2021-11-18 08:26:51', 0, 0);

-- --------------------------------------------------------

--
-- Cấu trúc bảng cho bảng `order_detail`
--

CREATE TABLE `order_detail` (
  `id` int(11) NOT NULL,
  `order_id` int(11) DEFAULT NULL,
  `product_id` int(11) DEFAULT NULL,
  `num` int(11) DEFAULT NULL,
  `total_money` int(11) DEFAULT NULL
) ENGINE=InnoDB DEFAULT CHARSET=utf8mb4 COLLATE=utf8mb4_unicode_ci;

--
-- Đang đổ dữ liệu cho bảng `order_detail`
--

INSERT INTO `order_detail` (`id`, `order_id`, `product_id`, `num`, `total_money`) VALUES
(22, 8, 22, 1, NULL),
(107, 9, 15, 1, NULL),
(113, 11, 15, 1, NULL),
(114, 11, 18, 1, NULL),
(115, 11, 16, 1, NULL),
(116, 11, 17, 1, NULL);

-- --------------------------------------------------------

--
-- Cấu trúc bảng cho bảng `product`
--

CREATE TABLE `product` (
  `id` int(11) NOT NULL,
  `category_id` int(11) DEFAULT NULL,
  `title` varchar(255) COLLATE utf8mb4_unicode_ci DEFAULT NULL,
  `price` int(11) DEFAULT NULL,
  `discount` int(11) DEFAULT NULL,
  `thumbnail` varchar(255) COLLATE utf8mb4_unicode_ci DEFAULT NULL,
  `description` longtext COLLATE utf8mb4_unicode_ci DEFAULT NULL,
  `created_at` datetime DEFAULT NULL,
  `updated_at` datetime DEFAULT NULL
) ENGINE=InnoDB DEFAULT CHARSET=utf8mb4 COLLATE=utf8mb4_unicode_ci;

--
-- Đang đổ dữ liệu cho bảng `product`
--

INSERT INTO `product` (`id`, `category_id`, `title`, `price`, `discount`, `thumbnail`, `description`, `created_at`, `updated_at`) VALUES
(15, 18, 'Điện thoại iPhone 13 Chính hãng VN/A 128GB', 21550000, NULL, 'https://cdn.mobilecity.vn/mobilecity-vn/images/2021/10/w300/iphone-13-xanh.jpg', 'Apple ra mắt iPhone 13 Chính hãng VN/A (thế hệ 13) năm 2021 được coi là sự nâng cấp đáng giá so với iPhone 12 ra mắt năm ngoái. Điều đầu tiên nhất đó là phần tai thỏ (Notch) đã được thu hẹp lại đáng kể. Apple đã khắc phục rất tốt nhược điểm của các đời iPhone trước đó, mang đến cho iPhone 13 Chính hãng VN/A màn hình đẹp hơn rất nhiều.', '2021-11-13 07:36:55', '2021-11-13 07:36:55'),
(16, 18, 'Điện thoại iPhone 12 Pro Max Chính hãng 128GB', 25750000, NULL, 'https://cdn.mobilecity.vn/mobilecity-vn/images/2021/07/w300/iphone-12-pro-max-den.jpg', 'iPhone 12 Pro Max Chính hãng không thay đổi trong thiết kế màn hình, vẫn là màn hình tai thỏ giống với phiên bản tiền nhiệm nhưng kích thước màn hình có thay đổi lớn hơn 1 chút. Màn hình của iPhone 12 Pro Max Chính hãng được trang bị là Super Retina XDR OLED 6.7\'\', với độ phân giải Full HD+ mang đến trải nghiệm vô cùng tốt cho người dùng.', '2021-11-13 07:36:55', '2021-11-13 07:36:55'),
(17, 18, 'iPhone 11 Pro Max 64GB', 20050000, NULL, 'https://cdn.mobilecity.vn/mobilecity-vn/images/2021/07/w300/iphone-11-pro-max-trang.jpg', 'Được Apple giới thiệu từ 2019, iPhone 11 Pro Max là siêu phẩm được rất nhiều người mong chờ vì có thiết kế sang trọng bậc nhất kết hợp với màn hình lớn, cấu hình mạnh mẽ. Dù đã trải qua một thời gian nhưng đến nay, iPhone 11 Pro Max cũ vẫn luôn là sự lựa chọn hàng đầu khi nghĩ đến một chiếc Flagship cũ. ', '2021-11-13 07:36:55', '2021-11-13 07:36:55'),
(18, 19, 'Điện thoại Samsung Galaxy M22', 4300000, NULL, 'https://cdn.mobilecity.vn/mobilecity-vn/images/2021/10/w300/galaxy-m22-den.jpg', 'Samsung Galaxy M22 tiếp tục là một mẫu điện thoại tầm trung thuộc dòng Galaxy M của nhà Samsung. Điện thoại Samsung Galaxy M22 sở hữu màn hình lớn, cấu hình mạnh trong phân khúc.', '2021-11-13 07:36:55', '2021-11-13 07:36:55'),
(19, 19, 'Điện thoại Samsung Galaxy M12', 3650000, NULL, 'https://cdn.mobilecity.vn/mobilecity-vn/images/2021/10/w300/samsung-galaxy-m12-den.jpg', 'Smartphone thuộc dòng Galaxy M vốn được ưa chuộng bởi hiệu năng vượt trội và cấu hình ấn tượng trong phân khúc giá rẻ. Chiếc smartphone này được nâng cấp mạnh mẽ không chỉ sở hữu cấu hình ấn tượng với vi xử lý 8 nhân kết hợp tần số quét 90Hz đầu tiên trong phân khúc, mà Samsung Galaxy M12 còn có dung lượng pin bền bỉ 5000mAh có hỗ trợ sạc siêu tốc và bộ 4 camera 48MP đỉnh cao.', '2021-11-13 07:36:55', '2021-11-13 07:36:55'),
(20, 19, 'Điện thoại Samsung Galaxy A03s                                                                                                                                                                                                                                 ', 3100000, NULL, 'https://cdn.mobilecity.vn/mobilecity-vn/images/2021/10/w300/samsung-galaxy-a03s-den.jpg', 'Samsung ra mắt điện thoại Samsung Galaxy A03s với Chip 8 nhân có hiệu năng vợt trội, dung lượng Pin lên đến 5.000mAh và nhiều nâng cấp mới. Samsung Galaxy A03s hứa hẹn sẽ thủ lĩnh trong phần khúc giá rẻ, đem lại trải nghiệm tuyệt vời cho người dùng. Cụ thể Galaxy A03s có gì nổi bật mời bạn cùng theo dõi tiếp dưới đây!', '2021-11-13 07:36:55', '2021-11-13 07:36:55'),
(21, 20, 'Điện thoại Xiaomi Redmi Note 11', 4650000, 0, 'https://cdn.mobilecity.vn/mobilecity-vn/images/2021/10/w300/xiaomi-redmi-note-11-den.jpg', 'Điểm nâng cấp đầu tiên phải kể đến đó là cấu hình, Note 11 đã được nâng cấp lên con chip Dimensity 810, mạnh hơn nhiều so với Snapdragon 678 trên người đàn anh Redmi Note 10. Nếu trước đây, Note 10 không dành cho việc chơi game thì giờ đây, Redmi Note 11 đã thay người anh gánh vác điều đó.', '2021-11-13 07:57:53', '2021-11-13 07:57:53'),
(22, 20, 'Điện thoại Xiaomi Poco X3 Pro', 5450000, 0, 'https://cdn.mobilecity.vn/mobilecity-vn/images/2021/07/w300/poco-x3-pro-xanh-2.jpg', 'Xiaomi POCO X3 Pro là sản phẩm mới ra mắt với thiết kế khá độc đáo. Điện thoại đầu tiên trên Thế Giới được trang bị con chip Qualcomm Snapdragon 860 cho ra 1 hiệu năng cực mạnh. Xiaomi POCO X3 Pro còn có loa kép âm thanh đạt chứng nhận Hi-Res Audio chất lượng cao, tốc độ truyền tải dữ liệu cực cao với bộ nhớ UFS 3.1, đa nhiệm cũng siêu mượt mà bởi RAM lớn 6GB.', '2021-11-13 07:44:54', '2021-11-13 07:44:54'),
(23, 20, 'Điện thoại Xiaomi Redmi K40 Gaming Edition', 7150000, 0, 'https://cdn.mobilecity.vn/mobilecity-vn/images/2021/07/w300/redmi-k40-gaming-den-1.png', 'Xiaomi Redmi K40 Gaming Edition chạy chip Dimensity 1200 6nm đem đến hiệu năng mạnh mẽ, máy kết hợp với RAM 6GB và 8GB (tuỳ từng phiên bản) đem đến khả năng chơi game bền bỉ, đa nhiệm các tác vụ trên máy một cách mượt mà trơn tru nhất. Xiaomi Redmi K40 Gaming Edition xứng đáng là một chiếc gaming phone giá rẻ, hiệu năng cao mà người tiêu dùng nhất định phải sở hữu.', '2021-11-13 07:36:55', '2021-11-13 07:36:55'),
(24, 21, 'Điện thoại Realme V15 5G', 4750000, 0, 'https://cdn.mobilecity.vn/mobilecity-vn/images/2021/04/w300/realme-v15-5g-2.png', 'Trước đó Realme Q3 cũng đã làm hài lòng Khách hàng rất nhiều. Nhưng nhiều Khách hàng thích sự hoàn hảo vẫn chưa hài lòng với màn hình LCD trên Realme Q3, camera của Q3 chỉ 48Mp, sạc nhanh 30W. Realme V15 đã khắc phục mọi yếu điểm của Q3. Hãng đã trang bị cho Realme V15 màn hình Amoled cực đẹp. Camera của V15 được nâng cấp lên 64Mp. Đồng thời Realme V15 được trang bị sạc nhanh 50W, có thể sạc đầy Pin trong 47 phút!', '2021-11-13 07:46:56', '2021-11-13 07:46:56'),
(25, 21, 'Điện thoại Realme Q3 Pro', 5650000, 0, 'https://cdn.mobilecity.vn/mobilecity-vn/images/2021/04/w300/realme-q3-pro-3-2.jpg', 'Realme Q3 Pro chạy vi xử lý Dimensity 1100 5G hiệu năng mạnh mẽ nhưng giá bán lại vô cùng hợp lý. Realme Q3 Pro hứa hẹn đem đến hiệu năng dùng máy tốt cùng với việc đa nhiệm các tác vụ trên máy một cách trơn tru, mượt mà dành cho người tiêu dùng.', '2021-11-13 07:30:57', '2021-11-13 07:30:57'),
(26, 21, 'Điện thoại Realme Q3 Pro Carnival', 6000000, 0, 'https://cdn.mobilecity.vn/mobilecity-vn/images/2021/07/w300/realme-q3-pro-carnival-den.jpg', 'Realme Q3 Pro Carnival có màn hình Super AMOLED hiển thị đẹp, tần số quét màn hình 120Hz, độ sáng cao lên tới 600 nits. Realme Q3 Pro Carnival được mệnh danh là chiếc máy có màn hình đẹp với mức giá vô cùng hợp lý.', '2021-11-13 07:05:58', '2021-11-13 07:05:58'),
(27, 22, 'Điện thoại Vivo iQOO Z1x', 4950000, 0, 'https://cdn.mobilecity.vn/mobilecity-vn/images/2021/04/w300/vivo-iqoo-z1x-1.png', 'Trong số những điện thoại giá rẻ nhất Thế Giới được tích hợp 5G thì có sự xuất hiện của Vivo iQOO Z1x. 5G đã rất phổ biến trên Thế Giới và hiện tại Viettel đã thực hiện thành công cuộc gọi 5G đầu tiên tại Việt Nam. Tốc độ kết nối mạng di động 5G của Viettel đạt 1,5-1,7Gbps - vượt xa tốc độ giới hạn lý thuyết của mạng 4G LTE là 300Mbps, tương đương tốc độ của cáp quang thương mại. Tại thành phố Dallas, bang Texas-Mỹ, Nokia đã tuyên bố mạng 5G đạt tốc độ lên tới 4,7Gbps tương đương 600MBps nghĩa là bạn có down 1 bộ phim 1GB trong chưa tới 2s. Mặc dù là điện thoại tầm trung giá rẻ nhưng Vivo iQOO Z1x vẫn khẳng định mình là một sản phẩm đón đầu công nghệ.', '2021-11-13 07:01:59', '2021-11-13 07:01:59'),
(28, 22, 'Điện thoại Vivo iQOO Z3 (Snap 768G)', 5550000, 0, 'https://cdn.mobilecity.vn/mobilecity-vn/images/2021/04/w300/vivo-iqoo-z3-3.jpg', 'Điện thoại có màn hình LCD 6,58 inches với độ phân giải Full HD+ (tỷ lệ khung hình 20: 9) cho ra 1 trải nghiệm hình ảnh sắc nét, trong trẻo. Màn hình hỗ trợ HDR10 và có tốc độ làm tươi 120 Hz cộng với tốc độ lấy mẫu cảm ứng 180 Hz giúp các thao tác vuốt, chạm với độ trễ rất thấp sẽ rất mượt mà. Cấu hình mạnh và tốc độ làm tươi cao sẽ khiến trải nghiệm chơi game vô cùng tốt', '2021-11-13 07:33:59', '2021-11-13 07:33:59'),
(29, 22, 'Điện thoại Vivo iQOO Z5 (Snap 778G)', 6950000, 0, 'https://cdn.mobilecity.vn/mobilecity-vn/images/2021/09/w300/vivo-iqoo-z5-xanh.jpg', 'Máy được trang bị vi xử lý Snapdragon 778G mới nhất, hiệu năng mạnh mẽ, tiến trình 6nm, hỗ trợ mạng 5G. Ngoài ra Vivo iQOO Z5 còn được hỗ trợ bởi hai phiên bản RAM 8GB và 12GB cùng bộ nhớ trong 128GB và 256GB đem đến khả năng đa nhiệm các ứng dụng, game và khả năng lưu trữ rất tốt.', '2021-11-13 08:04:00', '2021-11-13 08:04:00'),
(30, 23, 'Điện thoại Vsmart Aris Pro', 4550000, 0, 'https://cdn.mobilecity.vn/mobilecity-vn/images/2020/09/w300/vsmart-aris-pro-2.jpg', 'Điện thoại sử dụng vi xử lý Qualcomm Snapdragon 730 - một con chip tầm trung cực mạnh tới từ nhà sản xuất chip hàng đầu Thế Giới. Có thể thoải mái sử dụng các tác vụ của máy cũng như chiến được các tựa game mạnh với Snapdragon 730 và RAM 8GB. Ngoài ra máy còn được trang bị viên pin dung lượng lớn 4000mAh, đi kèm sạc nhanh 18W hỗ trợ máy hoạt động suốt cả ngày dài.', '2021-11-13 08:26:01', '2021-11-13 08:26:01'),
(31, 23, 'Điện thoại Vsmart Aris', 4050000, 0, 'https://cdn.mobilecity.vn/mobilecity-vn/images/2020/09/w300/vsmart-aris-1-1.jpg', 'Vsmart Aris Series tiên phong đi đầu công nghệ bảo mật lượng tử - công nghệ bảo mật cho thế giới tương lai. Công ty hàng đầu thế giới về công nghệ lượng tử ID Quantique tuyên bố tích hợp thành công chip lượng tử mới nhất Quantis QRNG vào sản phẩm Aris Series của Vsmart. Vsmart Aris được tích hợp chip lượng tử sẽ được đảm bảo an toàn dữ liệu tuyệt đối. Ngay cả khi chiếc điện thoại này lọt vào tay hacker.', '2021-11-13 08:01:02', '2021-11-13 08:01:02'),
(32, 23, 'Điện thoại Vsmart Live', 3400000, 0, 'https://cdn.mobilecity.vn/mobilecity-vn/images/2020/02/w300/vsmart-live-trang.jpg', 'Vào năm ngoái, Vsmart đã giới thiệu mẫu smartphone Vsmart Live tới người dùng với mức giá khá cao lên tới 7 triệu đồng. Nhưng tại thời điểm hiện tại, mức giá của Vsmart Live chỉ còn một nửa. Chỉ với mức giá hơn 3 triệu đồng thì mẫu smartphone thương hiệu Việt này thê hiện sẽ ra sao? Hãy cùng MobileCity vào bài đánh giá nhé!', '2021-11-13 08:45:02', '2021-11-13 08:45:02'),
(33, 24, 'Điện thoại Sony Xperia XZ2', 2550000, 0, 'https://cdn.mobilecity.vn/mobilecity-vn/images/2021/10/w300/sony-xperia-xz-2-hong.jpg', 'Sony XZ2 cũng là mẫu smartphone đi đầu trong việc trang bị màn hình HDR tỷ lệ 18:9, loa âm thanh nổi ở mặt trước; camera 19MP độc nhất với khả năng quay HDR. Cấu hình cũng là điểm lợi thế rất lớn của XZ2 khi máy được trang bị con chip Snapdragon 845 còn rất tốt cho đến giờ. Có thể nói trên thị trường hiện tại, khó có chiếc máy giá rẻ nào có thể đem lại trải nghiệm nghe nhìn cũng như hiệu năng sử dụng vượt qua được Sony Xperia XZ2 cũ.', '2021-11-13 08:04:04', '2021-11-13 08:04:04'),
(34, 24, 'Điện thoại Sony Xperia XZ3', 4150000, 0, 'https://cdn.mobilecity.vn/mobilecity-vn/images/2021/10/w300/sony-xperia-xz-3-do.png', 'Điểm nâng cấp đáng chú ý nhất trên Xperia XZ3 có lẽ chính là màn hình hiển thị. Thay vì sử dụng màn hình IPS LCD, Sony đã quyết định trang bị cho chiếc điện thoại này một màn hình OLED với kích thước lên tới 6 inch. Bên cạnh đó, Sony Xperia XZ3 cũ cũng đi kèm với thông số kĩ thuật ấn tượng, đáp ứng đầy đủ nhu cầu của người dùng.', '2021-11-13 08:43:04', '2021-11-13 08:43:04'),
(35, 24, 'Điện thoại Sony Xperia 1', 5750000, 0, 'https://cdn.mobilecity.vn/mobilecity-vn/images/2021/10/w300/sony-xperia-1-den.jpg', 'Cấu hình cũng là điểm mạnh của Sony Xperia 1 cũ khi máy được trang bị con chip Snapdragon 855 còn rất mạnh ở thời điểm hiện tại.', '2021-11-13 08:21:05', '2021-11-13 08:21:05'),
(36, 25, 'Điện thoại Nokia X7 2018', 5650000, 0, 'https://cdn.mobilecity.vn/mobilecity-vn/images/2019/01/w300/x7-do.jpg', 'Mới đây hãng sản xuất HMD Global đã chính thức trình làng chiếc smartphone Nokia X7 chính hãng tại Trung Quốc. Trong cùng phân khúc giá tầm trung, có thể nói Nokia X7 2018 là chiếc máy đãng sở hữu nhất. Khi máy được trang bị thiết kế sang trọng, Hiệu năng mạnh mẽ với chip SD710 và camera ống kính ZEISS. Hứa hẹn thiết bị này sẽ tiếp tục gây bão trên thị trường giống như đàn anh Nokia X6', '2021-11-13 08:16:06', '2021-11-13 08:16:06'),
(37, 25, 'Điện thoại Nokia X6 2018 RAM 4GB', 3750000, 0, 'https://cdn.mobilecity.vn/mobilecity-vn/images/2019/01/w300/nokia-x6-xanh-trang.jpg', 'Vào ngày 16/5 vừa qua HMD Global đã chính thức ra mắt chiếc smartphone Nokia X6 tại Trung Quốc. Đây là chiếc smartphone tai thỏ đầu tiên của Nokia và cũng là chiếc máy đáng được mong đợi khi có mức giá tầm trung nhưng lại mang trên mình nhiều ưu điểm chỉ có trên các sản phẩm cao cấp.', '2021-11-13 08:57:06', '2021-11-13 08:57:06'),
(38, 25, 'Điện thoại Nokia X5 - 2018', 3550000, 0, 'https://cdn.mobilecity.vn/mobilecity-vn/images/2019/01/w300/nokia-x5-trang.jpg', 'Vào ngày 18/7 vừa qua HMD Global tiếp tục bổ sung thêm chiếc smartphone tai thỏ thứ hai vào dòng X - Series của mình, đó chính là Nokia X5 xách tay. Dù nằm trong phân khúc giá rẻ những thiết bị này vẫn sơ hữu thiết hai mặt kính sang trọng giống trên đàn anh X6 và vẫn giữ màn hình tai thỏ khá bắt mắt.', '2021-11-13 08:46:07', '2021-11-13 08:46:07'),
(39, 26, 'Điện thoại Huawei Mate 20X (5G)', 16950000, 0, 'https://cdn.mobilecity.vn/mobilecity-vn/images/2019/08/w300/mate-20-x.jpg', 'Huawei Mate 20X 5G được Huawei ra mắt ở Anh. Ngoài khả năng kết nối 5G, máy còn có màn hình rộng lên đến 7.2 inch và bút stylus M-Pen hỗ trợ 4.096 cấp độ tương tác lực.', '2021-11-13 08:45:08', '2021-11-13 08:45:08'),
(40, 26, 'Điện thoại Huawei Nova 5 Pro', 10550000, 0, 'https://cdn.mobilecity.vn/mobilecity-vn/images/2019/06/w300/huawei-nova-5-1.jpg', 'Huawei Nova 5 Pro là chiếc smartphone cao cấp nhất của bộ 3 Huawei Nova 5. Với thiết kế sang trọng, hiệu năng khủng, camera đáp ứng mọi nhu cầu, chắc chắn chiếc smartphone này sẽ không làm chúng ta thất vọng. Hãy cùng nhau mở hộp sản phẩm này xem có gì đặc biệt bên trong nào.', '2021-11-13 08:25:09', '2021-11-13 08:25:09'),
(41, 26, 'Điện thoại Huawei Nova 5i', 7550000, 0, 'https://cdn.mobilecity.vn/mobilecity-vn/images/2019/06/w300/huawei-nova-5i-1.jpg', 'Kết hợp thời trang, phong cách, ánh sáng Huawei đã tinh tế đặt được chữ S trên mặt lưng của sản phẩm khi có ánh sáng chiều vào, hơn nữa năm nay trên Huawei Nova 5i được trang bị tận 3 màu sắc: đỏ mật ong, xanh Su Yin, đen huyền diệu. Kết cấu chói hình chữ S, xoay giữa, nở hoa thay đổi mô hình ánh sáng mơ màng .', '2021-11-13 08:32:10', '2021-11-13 08:32:10'),
(42, 27, 'Điện thoại Lenovo Legion 2 Pro', 11450000, 0, 'https://cdn.mobilecity.vn/mobilecity-vn/images/2021/04/w300/lenovo-legion-2-pro-white.jpg', 'Gaming Phone sở hữu con chip mạnh mẽ nhất Thế Giới thời điểm hiện tại là Snapdragon 888 với tiến trình 5nm cho ra 1 hiệu năng khủng khiếp và tiết kiệm điện năng tuyệt vời. Lenovo Legion 2 Pro còn có đa nhiệm mượt mà với RAM khủng ở cả 2 phiên bản 12-16GB. Với siêu Gaming Phone này của Lenovo thì người dùng có thể chơi được tất cả các tựa game trên di động với cấu hình cao nhất và trải nghiệm tốt nhất.', '2021-11-13 08:42:11', '2021-11-13 08:42:11'),
(43, 27, 'Điện thoại Lenovo Legion Pro (Duel)', 13150000, 0, 'https://cdn.mobilecity.vn/mobilecity-vn/images/2020/07/w300/lenovo-legion-1.jpg', 'Lenovo Legion Pro được trang bị sạc nhanh 90W đi kèm với nó là viên pin 5.000 mAh. Lenovo Legion Pro có thiết kế hai cổng USB-C: một ở cạnh bên và một ở cạnh dưới. Khi chơi game ở chế độ ngang, người dùng có thể sử dụng cổng sạc ở cạnh bên để thuận tiện nhất khi chơi game và điều đặc biệt  nhất đó chính là có thể cắm cùng lúc hai cổng sạc này để kích hoạt công nghệ sạc 90W cho phép đầy viên pin 5.000 mAh của điện thoại chỉ trong vòng 30 phút.', '2021-11-13 08:21:12', '2021-11-13 08:21:12'),
(44, 20, 'Điện thoại Xiaomi Redmi K40 Pro (K40 Pro+)', 10350000, 0, 'https://cdn.mobilecity.vn/mobilecity-vn/images/2021/07/w300/redmi-k40-pro-trang-2.jpg', 'Xiaomi Redmi K40 Pro được trang bị con chip mạnh mẽ nhất của Qualcomm và cũng là 1 trong những con chip di động mạnh mẽ nhất trên Thế Giới. Đây là con chip tiến trình 5nm đầu tiên trên Thế Giới tiêu tốn vô cùng ít điện năng so với thế hệ trước chip 7nm, 8nm. Xiaomi Redmi K40 Pro cho ra 1 hiệu năng, đa nhiệm tuyệt vời với chipset mạnh mẽ nhất, RAM 12GB.', '2021-11-13 09:40:00', '2021-11-13 09:40:00'),
(45, 18, 'Điện thoại iPhone 13 Pro Max 512GB', 44150000, 0, 'https://cdn.mobilecity.vn/mobilecity-vn/images/2021/10/w300/iphone-13-pro-max-den.jpg', 'So sánh với người đàn anh iPhone 12 Pro Max, chúng ta có thể dễ dàng nhìn ra những ưu điểm vượt trội của iPhone 13 Pro Max. Nâng cấp đáng giá đầu tiên chính là con chip Apple A15 siêu mạnh, (775.519 điểm Antutu) so với A14 (568.674 điểm Antutu). Thứ 2 phải kể đến là màn hình Promotion 120Hz với \"tai thỏ\" nhỏ gọn hơn cho trải nghiệm khác biệt hoàn toàn màn hình 60Hz trên iPhone 12 Pro Max', '2021-11-13 09:11:02', '2021-11-13 09:11:02');

-- --------------------------------------------------------

--
-- Cấu trúc bảng cho bảng `role`
--

CREATE TABLE `role` (
  `id` int(11) NOT NULL,
  `name` varchar(255) COLLATE utf8mb4_unicode_ci DEFAULT NULL
) ENGINE=InnoDB DEFAULT CHARSET=utf8mb4 COLLATE=utf8mb4_unicode_ci;

--
-- Đang đổ dữ liệu cho bảng `role`
--

INSERT INTO `role` (`id`, `name`) VALUES
(1, 'admin'),
(2, 'user');

-- --------------------------------------------------------

--
-- Cấu trúc bảng cho bảng `tokens`
--

CREATE TABLE `tokens` (
  `user_id` int(11) NOT NULL,
  `token` varchar(32) COLLATE utf8mb4_unicode_ci NOT NULL,
  `created_at` datetime DEFAULT NULL
) ENGINE=InnoDB DEFAULT CHARSET=utf8mb4 COLLATE=utf8mb4_unicode_ci;

--
-- Đang đổ dữ liệu cho bảng `tokens`
--

INSERT INTO `tokens` (`user_id`, `token`, `created_at`) VALUES
(1, '15a19713ca99e12f3aec6133857106b6', '2021-10-29 09:06:36'),
(1, '3863c082deb60350b549b731850e06af', '2021-11-19 07:20:07'),
(1, '6f0fe852cfc238315bd580b908a6f187', '2021-11-19 07:20:02'),
(1, 'cadbf6b535a0d3815139156788f6dbd6', '2021-11-19 07:22:15'),
(2, '820399fac579c9679718d8946903370b', '2021-11-04 16:26:25'),
(2, 'c4164344b725a4e47f6f93ec71dca803', '2021-11-04 16:27:33'),
(2, 'eccf08afb004af2809b695de6ac2fcb5', '2021-11-04 16:28:40');

-- --------------------------------------------------------

--
-- Cấu trúc bảng cho bảng `user`
--

CREATE TABLE `user` (
  `id` int(11) NOT NULL,
  `fullname` varchar(255) COLLATE utf8mb4_unicode_ci DEFAULT NULL,
  `email` varchar(255) COLLATE utf8mb4_unicode_ci DEFAULT NULL,
  `phone_number` varchar(255) COLLATE utf8mb4_unicode_ci DEFAULT NULL,
  `address` varchar(255) COLLATE utf8mb4_unicode_ci DEFAULT NULL,
  `password` varchar(255) COLLATE utf8mb4_unicode_ci DEFAULT NULL,
  `role_id` int(11) DEFAULT NULL,
  `created_at` datetime DEFAULT NULL,
  `updated_at` datetime DEFAULT NULL
) ENGINE=InnoDB DEFAULT CHARSET=utf8mb4 COLLATE=utf8mb4_unicode_ci;

--
-- Đang đổ dữ liệu cho bảng `user`
--

INSERT INTO `user` (`id`, `fullname`, `email`, `phone_number`, `address`, `password`, `role_id`, `created_at`, `updated_at`) VALUES
(1, 'Đinh Như Tân', 'nhutan2001@gmail.com', '036217847', 'Hưng Thủy, Lệ Thủy, Quảng Bình', '00b05f1e0094de50a9edada33cee5d01', 1, '2021-10-29 08:55:11', '2021-11-18 08:16:48'),
(2, 'Đinh Như Tân', 'tan.dinh1710@hcmut.edu.vn', '0776217847', 'Quảng Bình', '00b05f1e0094de50a9edada33cee5d01', 2, '2021-11-04 15:57:23', '2021-11-15 10:24:15'),
(8, 'Đinh Diệu Anh', 'dieuanh@gmail.com', '087653267', 'Việt Nam', '00b05f1e0094de50a9edada33cee5d01', 2, '2021-11-06 05:35:26', '2021-11-09 05:32:46'),
(13, 'Trần Văn B', 'vanb@gmail.com', '0234567532', 'Hà Nội', '00b05f1e0094de50a9edada33cee5d01', 2, '2021-11-08 17:27:25', '2021-11-08 17:27:25'),
(14, 'Đoàn Văn C', 'doanvanc@gmail.com', '0987654312', 'Đà Nẵng', '00b05f1e0094de50a9edada33cee5d01', 2, '2021-11-08 17:28:04', '2021-11-08 17:28:04'),
(15, 'Nguyễn Khánh Huyền', 'khanhhuyen@gmail.com', '0546187431', 'Quảng Bình', '00b05f1e0094de50a9edada33cee5d01', 2, '2021-11-08 17:28:38', '2021-11-08 17:28:38'),
(16, 'Hồ Văn D', 'vand@gmail.com', '012485437', 'Huế', 'e2d826e04d1af4a1ff5f7de4c8b92be6', 2, '2021-11-08 17:29:11', '2021-11-08 17:29:11'),
(17, 'Lê Thị E', 'thie@gmail.com', '0876425573', 'Đà Lạt', '00b05f1e0094de50a9edada33cee5d01', 2, '2021-11-08 17:30:00', '2021-11-08 17:30:00'),
(18, 'ABC', 'abc@gmail.com', '01234565432', 'ABC', '0b8772b96bb93b4080a4d2dc6c82506d', 2, '2021-11-09 06:52:12', '2021-11-09 06:53:02'),
(19, 'sdafasdfasdf', 'nhutan2001sdfasdf@gmail.com', '', '', 'cad8a21e82c50b6b2f0ebcaca847cf10', 2, '2021-11-09 13:37:53', '2021-11-09 13:37:53'),
(20, 'fdsafasd', 'nhu@gmail.co', '', '', 'd0521106f6ba7f9ac0a7370fb28d0ec6', 2, '2021-11-11 04:33:22', '2021-11-11 04:33:22'),
(21, 'Đinh Như Tân clone', 'tan.dinh1710clone@hcmut.edu.vn', '0362751710', 'Quảng Bình', 'cad8a21e82c50b6b2f0ebcaca847cf10', 2, '2021-11-15 09:54:57', '2021-11-17 13:41:40'),
(23, 'Đinh Như Thịnh', 'nhuthinh@gmail.com', '', '', '00b05f1e0094de50a9edada33cee5d01', 2, '2021-11-17 15:52:13', '2021-11-17 15:52:13'),
(25, 'heello', 'heeloa@gmail.com', '', '', '00b05f1e0094de50a9edada33cee5d01', 2, '2021-11-17 15:54:49', '2021-11-18 08:16:20'),
(27, 'Đinh Như Hải', 'nhuhai@gmail.com', '012345654', 'Quảng Bình', '00b05f1e0094de50a9edada33cee5d01', 1, '2021-11-17 18:32:28', '2021-11-17 18:32:38'),
(28, 'abc', 'abcd@gmail.com', '', '', '00b05f1e0094de50a9edada33cee5d01', 2, '2021-11-18 08:26:43', '2021-11-18 08:26:43');

--
-- Chỉ mục cho các bảng đã đổ
--

--
-- Chỉ mục cho bảng `category`
--
ALTER TABLE `category`
  ADD PRIMARY KEY (`id`);

--
-- Chỉ mục cho bảng `comment`
--
ALTER TABLE `comment`
  ADD PRIMARY KEY (`id`),
  ADD KEY `user_id` (`user_id`),
  ADD KEY `product_id` (`product_id`);

--
-- Chỉ mục cho bảng `contact_public`
--
ALTER TABLE `contact_public`
  ADD PRIMARY KEY (`id`);

--
-- Chỉ mục cho bảng `customer_contact`
--
ALTER TABLE `customer_contact`
  ADD PRIMARY KEY (`id`);

--
-- Chỉ mục cho bảng `news`
--
ALTER TABLE `news`
  ADD PRIMARY KEY (`id`);

--
-- Chỉ mục cho bảng `orders`
--
ALTER TABLE `orders`
  ADD PRIMARY KEY (`id`),
  ADD KEY `user_id` (`user_id`);

--
-- Chỉ mục cho bảng `order_detail`
--
ALTER TABLE `order_detail`
  ADD PRIMARY KEY (`id`),
  ADD KEY `product_id` (`product_id`),
  ADD KEY `order_id` (`order_id`);

--
-- Chỉ mục cho bảng `product`
--
ALTER TABLE `product`
  ADD PRIMARY KEY (`id`),
  ADD KEY `category_id` (`category_id`);

--
-- Chỉ mục cho bảng `role`
--
ALTER TABLE `role`
  ADD PRIMARY KEY (`id`);

--
-- Chỉ mục cho bảng `tokens`
--
ALTER TABLE `tokens`
  ADD PRIMARY KEY (`user_id`,`token`);

--
-- Chỉ mục cho bảng `user`
--
ALTER TABLE `user`
  ADD PRIMARY KEY (`id`),
  ADD KEY `role_id` (`role_id`);

--
-- AUTO_INCREMENT cho các bảng đã đổ
--

--
-- AUTO_INCREMENT cho bảng `category`
--
ALTER TABLE `category`
  MODIFY `id` int(11) NOT NULL AUTO_INCREMENT, AUTO_INCREMENT=31;

--
-- AUTO_INCREMENT cho bảng `comment`
--
ALTER TABLE `comment`
  MODIFY `id` int(11) NOT NULL AUTO_INCREMENT, AUTO_INCREMENT=83;

--
-- AUTO_INCREMENT cho bảng `contact_public`
--
ALTER TABLE `contact_public`
  MODIFY `id` int(11) NOT NULL AUTO_INCREMENT, AUTO_INCREMENT=5;

--
-- AUTO_INCREMENT cho bảng `customer_contact`
--
ALTER TABLE `customer_contact`
  MODIFY `id` int(11) NOT NULL AUTO_INCREMENT, AUTO_INCREMENT=22;

--
-- AUTO_INCREMENT cho bảng `news`
--
ALTER TABLE `news`
  MODIFY `id` int(11) NOT NULL AUTO_INCREMENT, AUTO_INCREMENT=40;

--
-- AUTO_INCREMENT cho bảng `orders`
--
ALTER TABLE `orders`
  MODIFY `id` int(11) NOT NULL AUTO_INCREMENT, AUTO_INCREMENT=12;

--
-- AUTO_INCREMENT cho bảng `order_detail`
--
ALTER TABLE `order_detail`
  MODIFY `id` int(11) NOT NULL AUTO_INCREMENT, AUTO_INCREMENT=144;

--
-- AUTO_INCREMENT cho bảng `product`
--
ALTER TABLE `product`
  MODIFY `id` int(11) NOT NULL AUTO_INCREMENT, AUTO_INCREMENT=50;

--
-- AUTO_INCREMENT cho bảng `role`
--
ALTER TABLE `role`
  MODIFY `id` int(11) NOT NULL AUTO_INCREMENT, AUTO_INCREMENT=3;

--
-- AUTO_INCREMENT cho bảng `user`
--
ALTER TABLE `user`
  MODIFY `id` int(11) NOT NULL AUTO_INCREMENT, AUTO_INCREMENT=29;

--
-- Các ràng buộc cho các bảng đã đổ
--

--
-- Các ràng buộc cho bảng `comment`
--
ALTER TABLE `comment`
  ADD CONSTRAINT `comment_ibfk_2` FOREIGN KEY (`user_id`) REFERENCES `user` (`id`),
  ADD CONSTRAINT `comment_ibfk_3` FOREIGN KEY (`product_id`) REFERENCES `product` (`id`) ON DELETE SET NULL,
  ADD CONSTRAINT `comment_ibfk_4` FOREIGN KEY (`product_id`) REFERENCES `product` (`id`) ON DELETE SET NULL,
  ADD CONSTRAINT `comment_ibfk_5` FOREIGN KEY (`product_id`) REFERENCES `product` (`id`) ON DELETE SET NULL;

--
-- Các ràng buộc cho bảng `orders`
--
ALTER TABLE `orders`
  ADD CONSTRAINT `orders_ibfk_1` FOREIGN KEY (`user_id`) REFERENCES `user` (`id`);

--
-- Các ràng buộc cho bảng `order_detail`
--
ALTER TABLE `order_detail`
  ADD CONSTRAINT `order_detail_ibfk_1` FOREIGN KEY (`product_id`) REFERENCES `product` (`id`),
  ADD CONSTRAINT `order_detail_ibfk_2` FOREIGN KEY (`order_id`) REFERENCES `orders` (`id`);

--
-- Các ràng buộc cho bảng `product`
--
ALTER TABLE `product`
  ADD CONSTRAINT `product_ibfk_1` FOREIGN KEY (`category_id`) REFERENCES `category` (`id`);

--
-- Các ràng buộc cho bảng `user`
--
ALTER TABLE `user`
  ADD CONSTRAINT `user_ibfk_1` FOREIGN KEY (`role_id`) REFERENCES `role` (`id`);
COMMIT;

/*!40101 SET CHARACTER_SET_CLIENT=@OLD_CHARACTER_SET_CLIENT */;
/*!40101 SET CHARACTER_SET_RESULTS=@OLD_CHARACTER_SET_RESULTS */;
/*!40101 SET COLLATION_CONNECTION=@OLD_COLLATION_CONNECTION */;
